[2026-01-09T16:00:45.851+0000] {processor.py:161} INFO - Started process (PID=185) to work on /opt/airflow/dags/example_etl_pipeline.py
[2026-01-09T16:00:45.861+0000] {processor.py:830} INFO - Processing file /opt/airflow/dags/example_etl_pipeline.py for tasks to queue
[2026-01-09T16:00:45.862+0000] {logging_mixin.py:188} INFO - [2026-01-09T16:00:45.862+0000] {dagbag.py:538} INFO - Filling up the DagBag from /opt/airflow/dags/example_etl_pipeline.py
[2026-01-09T16:00:48.578+0000] {logging_mixin.py:188} WARNING - /home/airflow/.local/lib/python3.11/site-packages/airflow/models/baseoperator.py:437 RemovedInAirflow3Warning: provide_context is deprecated as of 2.0 and is no longer required
[2026-01-09T16:00:48.619+0000] {processor.py:840} INFO - DAG(s) 'daily_sales_etl_pipeline' retrieved from /opt/airflow/dags/example_etl_pipeline.py
[2026-01-09T16:00:48.898+0000] {logging_mixin.py:188} INFO - [2026-01-09T16:00:48.897+0000] {override.py:1769} INFO - Created Permission View: can delete on DAG:daily_sales_etl_pipeline
[2026-01-09T16:00:48.910+0000] {logging_mixin.py:188} INFO - [2026-01-09T16:00:48.909+0000] {override.py:1769} INFO - Created Permission View: can read on DAG:daily_sales_etl_pipeline
[2026-01-09T16:00:48.917+0000] {logging_mixin.py:188} INFO - [2026-01-09T16:00:48.916+0000] {override.py:1769} INFO - Created Permission View: can edit on DAG:daily_sales_etl_pipeline
[2026-01-09T16:00:48.917+0000] {logging_mixin.py:188} INFO - [2026-01-09T16:00:48.917+0000] {dag.py:3036} INFO - Sync 1 DAGs
[2026-01-09T16:00:48.928+0000] {logging_mixin.py:188} INFO - [2026-01-09T16:00:48.927+0000] {dag.py:3058} INFO - Creating ORM DAG for daily_sales_etl_pipeline
[2026-01-09T16:00:48.947+0000] {logging_mixin.py:188} INFO - [2026-01-09T16:00:48.947+0000] {dag.py:3823} INFO - Setting next_dagrun for daily_sales_etl_pipeline to 2026-01-08 06:00:00+00:00, run_after=2026-01-09 06:00:00+00:00
[2026-01-09T16:00:48.966+0000] {processor.py:183} INFO - Processing /opt/airflow/dags/example_etl_pipeline.py took 3.118 seconds
[2026-01-09T16:01:19.380+0000] {processor.py:161} INFO - Started process (PID=225) to work on /opt/airflow/dags/example_etl_pipeline.py
[2026-01-09T16:01:19.381+0000] {processor.py:830} INFO - Processing file /opt/airflow/dags/example_etl_pipeline.py for tasks to queue
[2026-01-09T16:01:19.383+0000] {logging_mixin.py:188} INFO - [2026-01-09T16:01:19.382+0000] {dagbag.py:538} INFO - Filling up the DagBag from /opt/airflow/dags/example_etl_pipeline.py
[2026-01-09T16:01:20.007+0000] {logging_mixin.py:188} WARNING - /home/airflow/.local/lib/python3.11/site-packages/airflow/models/baseoperator.py:437 RemovedInAirflow3Warning: provide_context is deprecated as of 2.0 and is no longer required
[2026-01-09T16:01:20.009+0000] {processor.py:840} INFO - DAG(s) 'daily_sales_etl_pipeline' retrieved from /opt/airflow/dags/example_etl_pipeline.py
[2026-01-09T16:01:20.021+0000] {logging_mixin.py:188} INFO - [2026-01-09T16:01:20.021+0000] {dag.py:3036} INFO - Sync 1 DAGs
[2026-01-09T16:01:20.038+0000] {logging_mixin.py:188} INFO - [2026-01-09T16:01:20.038+0000] {dag.py:3823} INFO - Setting next_dagrun for daily_sales_etl_pipeline to 2026-01-08 06:00:00+00:00, run_after=2026-01-09 06:00:00+00:00
[2026-01-09T16:01:20.048+0000] {processor.py:183} INFO - Processing /opt/airflow/dags/example_etl_pipeline.py took 0.670 seconds
[2026-01-09T16:01:50.983+0000] {processor.py:161} INFO - Started process (PID=268) to work on /opt/airflow/dags/example_etl_pipeline.py
[2026-01-09T16:01:50.984+0000] {processor.py:830} INFO - Processing file /opt/airflow/dags/example_etl_pipeline.py for tasks to queue
[2026-01-09T16:01:50.984+0000] {logging_mixin.py:188} INFO - [2026-01-09T16:01:50.984+0000] {dagbag.py:538} INFO - Filling up the DagBag from /opt/airflow/dags/example_etl_pipeline.py
[2026-01-09T16:01:51.356+0000] {logging_mixin.py:188} WARNING - /home/airflow/.local/lib/python3.11/site-packages/airflow/models/baseoperator.py:437 RemovedInAirflow3Warning: provide_context is deprecated as of 2.0 and is no longer required
[2026-01-09T16:01:51.359+0000] {processor.py:840} INFO - DAG(s) 'daily_sales_etl_pipeline' retrieved from /opt/airflow/dags/example_etl_pipeline.py
[2026-01-09T16:01:51.371+0000] {logging_mixin.py:188} INFO - [2026-01-09T16:01:51.371+0000] {dag.py:3036} INFO - Sync 1 DAGs
[2026-01-09T16:01:51.379+0000] {logging_mixin.py:188} INFO - [2026-01-09T16:01:51.379+0000] {dag.py:3823} INFO - Setting next_dagrun for daily_sales_etl_pipeline to 2026-01-08 06:00:00+00:00, run_after=2026-01-09 06:00:00+00:00
[2026-01-09T16:01:51.386+0000] {processor.py:183} INFO - Processing /opt/airflow/dags/example_etl_pipeline.py took 0.405 seconds
[2026-01-09T16:02:22.402+0000] {processor.py:161} INFO - Started process (PID=301) to work on /opt/airflow/dags/example_etl_pipeline.py
[2026-01-09T16:02:22.403+0000] {processor.py:830} INFO - Processing file /opt/airflow/dags/example_etl_pipeline.py for tasks to queue
[2026-01-09T16:02:22.404+0000] {logging_mixin.py:188} INFO - [2026-01-09T16:02:22.403+0000] {dagbag.py:538} INFO - Filling up the DagBag from /opt/airflow/dags/example_etl_pipeline.py
[2026-01-09T16:02:22.954+0000] {logging_mixin.py:188} WARNING - /home/airflow/.local/lib/python3.11/site-packages/airflow/models/baseoperator.py:437 RemovedInAirflow3Warning: provide_context is deprecated as of 2.0 and is no longer required
[2026-01-09T16:02:22.957+0000] {processor.py:840} INFO - DAG(s) 'daily_sales_etl_pipeline' retrieved from /opt/airflow/dags/example_etl_pipeline.py
[2026-01-09T16:02:22.968+0000] {logging_mixin.py:188} INFO - [2026-01-09T16:02:22.968+0000] {dag.py:3036} INFO - Sync 1 DAGs
[2026-01-09T16:02:22.975+0000] {logging_mixin.py:188} INFO - [2026-01-09T16:02:22.975+0000] {dag.py:3823} INFO - Setting next_dagrun for daily_sales_etl_pipeline to 2026-01-08 06:00:00+00:00, run_after=2026-01-09 06:00:00+00:00
[2026-01-09T16:02:22.982+0000] {processor.py:183} INFO - Processing /opt/airflow/dags/example_etl_pipeline.py took 0.582 seconds
[2026-01-09T16:02:53.770+0000] {processor.py:161} INFO - Started process (PID=334) to work on /opt/airflow/dags/example_etl_pipeline.py
[2026-01-09T16:02:53.771+0000] {processor.py:830} INFO - Processing file /opt/airflow/dags/example_etl_pipeline.py for tasks to queue
[2026-01-09T16:02:53.772+0000] {logging_mixin.py:188} INFO - [2026-01-09T16:02:53.772+0000] {dagbag.py:538} INFO - Filling up the DagBag from /opt/airflow/dags/example_etl_pipeline.py
[2026-01-09T16:03:27.181+0000] {logging_mixin.py:188} INFO - [2026-01-09T16:03:25.271+0000] {timeout.py:68} ERROR - Process timed out, PID: 334
[2026-01-09T16:03:32.255+0000] {logging_mixin.py:188} INFO - [2026-01-09T16:03:31.326+0000] {dagbag.py:348} ERROR - Failed to import: /opt/airflow/dags/example_etl_pipeline.py
Traceback (most recent call last):
  File "/home/airflow/.local/lib/python3.11/site-packages/airflow/models/dagbag.py", line 344, in parse
    loader.exec_module(new_module)
  File "<frozen importlib._bootstrap_external>", line 940, in exec_module
  File "<frozen importlib._bootstrap>", line 241, in _call_with_frames_removed
  File "/opt/airflow/dags/example_etl_pipeline.py", line 22, in <module>
    import pandas as pd
  File "/home/airflow/.local/lib/python3.11/site-packages/pandas/__init__.py", line 46, in <module>
    from pandas.core.api import (
  File "/home/airflow/.local/lib/python3.11/site-packages/pandas/core/api.py", line 28, in <module>
    from pandas.core.arrays import Categorical
  File "/home/airflow/.local/lib/python3.11/site-packages/pandas/core/arrays/__init__.py", line 1, in <module>
    from pandas.core.arrays.arrow import ArrowExtensionArray
  File "/home/airflow/.local/lib/python3.11/site-packages/pandas/core/arrays/arrow/__init__.py", line 1, in <module>
    from pandas.core.arrays.arrow.array import ArrowExtensionArray
  File "/home/airflow/.local/lib/python3.11/site-packages/pandas/core/arrays/arrow/array.py", line 52, in <module>
    from pandas.core.arrays._arrow_string_mixins import ArrowStringArrayMixin
  File "/home/airflow/.local/lib/python3.11/site-packages/pandas/core/arrays/_arrow_string_mixins.py", line 11, in <module>
    import pyarrow.compute as pc
  File "/home/airflow/.local/lib/python3.11/site-packages/pyarrow/compute.py", line 335, in <module>
    _make_global_functions()
  File "/home/airflow/.local/lib/python3.11/site-packages/pyarrow/compute.py", line 332, in _make_global_functions
    g[cpp_name] = g[name] = _wrap_function(name, func)
                            ^^^^^^^^^^^^^^^^^^^^^^^^^^
  File "/home/airflow/.local/lib/python3.11/site-packages/pyarrow/compute.py", line 303, in _wrap_function
    return _decorate_compute_function(wrapper, name, func, options_class)
           ^^^^^^^^^^^^^^^^^^^^^^^^^^^^^^^^^^^^^^^^^^^^^^^^^^^^^^^^^^^^^^
  File "/home/airflow/.local/lib/python3.11/site-packages/pyarrow/compute.py", line 169, in _decorate_compute_function
    options_class_doc = _scrape_options_class_doc(options_class)
                        ^^^^^^^^^^^^^^^^^^^^^^^^^^^^^^^^^^^^^^^^
  File "/home/airflow/.local/lib/python3.11/site-packages/pyarrow/compute.py", line 116, in _scrape_options_class_doc
    doc = docscrape.NumpyDocString(options_class.__doc__)
          ^^^^^^^^^^^^^^^^^^^^^^^^^^^^^^^^^^^^^^^^^^^^^^^
  File "/home/airflow/.local/lib/python3.11/site-packages/pyarrow/vendored/docscrape.py", line 154, in __init__
    self._parse()
  File "/home/airflow/.local/lib/python3.11/site-packages/pyarrow/vendored/docscrape.py", line 388, in _parse
    sections = list(self._read_sections())
               ^^^^^^^^^^^^^^^^^^^^^^^^^^^
  File "/home/airflow/.local/lib/python3.11/site-packages/pyarrow/vendored/docscrape.py", line 218, in _read_sections
    data = self._read_to_next_section()
           ^^^^^^^^^^^^^^^^^^^^^^^^^^^^
  File "/home/airflow/.local/lib/python3.11/site-packages/pyarrow/vendored/docscrape.py", line 206, in _read_to_next_section
    section = self._doc.read_to_next_empty_line()
              ^^^^^^^^^^^^^^^^^^^^^^^^^^^^^^^^^^^
  File "/home/airflow/.local/lib/python3.11/site-packages/pyarrow/vendored/docscrape.py", line 84, in read_to_next_empty_line
    def read_to_next_empty_line(self):
    
  File "/home/airflow/.local/lib/python3.11/site-packages/airflow/utils/timeout.py", line 69, in handle_timeout
    raise AirflowTaskTimeout(self.error_message)
airflow.exceptions.AirflowTaskTimeout: DagBag import timeout for /opt/airflow/dags/example_etl_pipeline.py after 30.0s.
Please take a look at these docs to improve your DAG import time:
* https://airflow.apache.org/docs/apache-airflow/2.8.1/best-practices.html#top-level-python-code
* https://airflow.apache.org/docs/apache-airflow/2.8.1/best-practices.html#reducing-dag-complexity, PID: 334
[2026-01-09T16:03:32.417+0000] {processor.py:842} WARNING - No viable dags retrieved from /opt/airflow/dags/example_etl_pipeline.py
[2026-01-09T16:03:33.332+0000] {processor.py:183} INFO - Processing /opt/airflow/dags/example_etl_pipeline.py took 39.555 seconds
[2026-01-09T16:04:03.893+0000] {processor.py:161} INFO - Started process (PID=374) to work on /opt/airflow/dags/example_etl_pipeline.py
[2026-01-09T16:04:03.894+0000] {processor.py:830} INFO - Processing file /opt/airflow/dags/example_etl_pipeline.py for tasks to queue
[2026-01-09T16:04:03.895+0000] {logging_mixin.py:188} INFO - [2026-01-09T16:04:03.895+0000] {dagbag.py:538} INFO - Filling up the DagBag from /opt/airflow/dags/example_etl_pipeline.py
[2026-01-09T16:04:04.223+0000] {logging_mixin.py:188} WARNING - /home/airflow/.local/lib/python3.11/site-packages/airflow/models/baseoperator.py:437 RemovedInAirflow3Warning: provide_context is deprecated as of 2.0 and is no longer required
[2026-01-09T16:04:04.227+0000] {processor.py:840} INFO - DAG(s) 'daily_sales_etl_pipeline' retrieved from /opt/airflow/dags/example_etl_pipeline.py
[2026-01-09T16:04:04.280+0000] {logging_mixin.py:188} INFO - [2026-01-09T16:04:04.280+0000] {dag.py:3036} INFO - Sync 1 DAGs
[2026-01-09T16:04:04.288+0000] {logging_mixin.py:188} INFO - [2026-01-09T16:04:04.288+0000] {dag.py:3823} INFO - Setting next_dagrun for daily_sales_etl_pipeline to 2026-01-08 06:00:00+00:00, run_after=2026-01-09 06:00:00+00:00
[2026-01-09T16:04:04.297+0000] {processor.py:183} INFO - Processing /opt/airflow/dags/example_etl_pipeline.py took 0.407 seconds
[2026-01-09T16:04:35.291+0000] {processor.py:161} INFO - Started process (PID=407) to work on /opt/airflow/dags/example_etl_pipeline.py
[2026-01-09T16:04:35.292+0000] {processor.py:830} INFO - Processing file /opt/airflow/dags/example_etl_pipeline.py for tasks to queue
[2026-01-09T16:04:35.293+0000] {logging_mixin.py:188} INFO - [2026-01-09T16:04:35.293+0000] {dagbag.py:538} INFO - Filling up the DagBag from /opt/airflow/dags/example_etl_pipeline.py
[2026-01-09T16:04:35.660+0000] {logging_mixin.py:188} WARNING - /home/airflow/.local/lib/python3.11/site-packages/airflow/models/baseoperator.py:437 RemovedInAirflow3Warning: provide_context is deprecated as of 2.0 and is no longer required
[2026-01-09T16:04:35.663+0000] {processor.py:840} INFO - DAG(s) 'daily_sales_etl_pipeline' retrieved from /opt/airflow/dags/example_etl_pipeline.py
[2026-01-09T16:04:35.675+0000] {logging_mixin.py:188} INFO - [2026-01-09T16:04:35.675+0000] {dag.py:3036} INFO - Sync 1 DAGs
[2026-01-09T16:04:35.684+0000] {logging_mixin.py:188} INFO - [2026-01-09T16:04:35.684+0000] {dag.py:3823} INFO - Setting next_dagrun for daily_sales_etl_pipeline to 2026-01-08 06:00:00+00:00, run_after=2026-01-09 06:00:00+00:00
[2026-01-09T16:04:35.694+0000] {processor.py:183} INFO - Processing /opt/airflow/dags/example_etl_pipeline.py took 0.406 seconds
[2026-01-09T16:06:15.127+0000] {processor.py:161} INFO - Started process (PID=184) to work on /opt/airflow/dags/example_etl_pipeline.py
[2026-01-09T16:06:15.128+0000] {processor.py:830} INFO - Processing file /opt/airflow/dags/example_etl_pipeline.py for tasks to queue
[2026-01-09T16:06:15.129+0000] {logging_mixin.py:188} INFO - [2026-01-09T16:06:15.128+0000] {dagbag.py:538} INFO - Filling up the DagBag from /opt/airflow/dags/example_etl_pipeline.py
[2026-01-09T16:06:16.235+0000] {logging_mixin.py:188} WARNING - /home/airflow/.local/lib/python3.11/site-packages/airflow/models/baseoperator.py:437 RemovedInAirflow3Warning: provide_context is deprecated as of 2.0 and is no longer required
[2026-01-09T16:06:16.239+0000] {processor.py:840} INFO - DAG(s) 'daily_sales_etl_pipeline' retrieved from /opt/airflow/dags/example_etl_pipeline.py
[2026-01-09T16:06:16.255+0000] {logging_mixin.py:188} INFO - [2026-01-09T16:06:16.255+0000] {dag.py:3036} INFO - Sync 1 DAGs
[2026-01-09T16:06:16.266+0000] {logging_mixin.py:188} INFO - [2026-01-09T16:06:16.265+0000] {dag.py:3823} INFO - Setting next_dagrun for daily_sales_etl_pipeline to 2026-01-08 06:00:00+00:00, run_after=2026-01-09 06:00:00+00:00
[2026-01-09T16:06:16.274+0000] {processor.py:183} INFO - Processing /opt/airflow/dags/example_etl_pipeline.py took 1.151 seconds
[2026-01-09T16:06:46.306+0000] {processor.py:161} INFO - Started process (PID=229) to work on /opt/airflow/dags/example_etl_pipeline.py
[2026-01-09T16:06:46.307+0000] {processor.py:830} INFO - Processing file /opt/airflow/dags/example_etl_pipeline.py for tasks to queue
[2026-01-09T16:06:46.308+0000] {logging_mixin.py:188} INFO - [2026-01-09T16:06:46.308+0000] {dagbag.py:538} INFO - Filling up the DagBag from /opt/airflow/dags/example_etl_pipeline.py
[2026-01-09T16:06:46.714+0000] {logging_mixin.py:188} WARNING - /home/airflow/.local/lib/python3.11/site-packages/airflow/models/baseoperator.py:437 RemovedInAirflow3Warning: provide_context is deprecated as of 2.0 and is no longer required
[2026-01-09T16:06:46.717+0000] {processor.py:840} INFO - DAG(s) 'daily_sales_etl_pipeline' retrieved from /opt/airflow/dags/example_etl_pipeline.py
[2026-01-09T16:06:46.758+0000] {logging_mixin.py:188} INFO - [2026-01-09T16:06:46.758+0000] {dag.py:3036} INFO - Sync 1 DAGs
[2026-01-09T16:06:46.766+0000] {logging_mixin.py:188} INFO - [2026-01-09T16:06:46.766+0000] {dag.py:3823} INFO - Setting next_dagrun for daily_sales_etl_pipeline to 2026-01-08 06:00:00+00:00, run_after=2026-01-09 06:00:00+00:00
[2026-01-09T16:06:46.775+0000] {processor.py:183} INFO - Processing /opt/airflow/dags/example_etl_pipeline.py took 0.471 seconds
[2026-01-09T16:07:16.992+0000] {processor.py:161} INFO - Started process (PID=267) to work on /opt/airflow/dags/example_etl_pipeline.py
[2026-01-09T16:07:16.992+0000] {processor.py:830} INFO - Processing file /opt/airflow/dags/example_etl_pipeline.py for tasks to queue
[2026-01-09T16:07:16.993+0000] {logging_mixin.py:188} INFO - [2026-01-09T16:07:16.992+0000] {dagbag.py:538} INFO - Filling up the DagBag from /opt/airflow/dags/example_etl_pipeline.py
[2026-01-09T16:07:17.339+0000] {logging_mixin.py:188} WARNING - /home/airflow/.local/lib/python3.11/site-packages/airflow/models/baseoperator.py:437 RemovedInAirflow3Warning: provide_context is deprecated as of 2.0 and is no longer required
[2026-01-09T16:07:17.341+0000] {processor.py:840} INFO - DAG(s) 'daily_sales_etl_pipeline' retrieved from /opt/airflow/dags/example_etl_pipeline.py
[2026-01-09T16:07:17.355+0000] {logging_mixin.py:188} INFO - [2026-01-09T16:07:17.354+0000] {dag.py:3036} INFO - Sync 1 DAGs
[2026-01-09T16:07:17.363+0000] {logging_mixin.py:188} INFO - [2026-01-09T16:07:17.362+0000] {dag.py:3823} INFO - Setting next_dagrun for daily_sales_etl_pipeline to 2026-01-08 06:00:00+00:00, run_after=2026-01-09 06:00:00+00:00
[2026-01-09T16:07:17.370+0000] {processor.py:183} INFO - Processing /opt/airflow/dags/example_etl_pipeline.py took 0.381 seconds
[2026-01-09T16:07:47.504+0000] {processor.py:161} INFO - Started process (PID=300) to work on /opt/airflow/dags/example_etl_pipeline.py
[2026-01-09T16:07:47.505+0000] {processor.py:830} INFO - Processing file /opt/airflow/dags/example_etl_pipeline.py for tasks to queue
[2026-01-09T16:07:47.505+0000] {logging_mixin.py:188} INFO - [2026-01-09T16:07:47.505+0000] {dagbag.py:538} INFO - Filling up the DagBag from /opt/airflow/dags/example_etl_pipeline.py
[2026-01-09T16:07:47.931+0000] {logging_mixin.py:188} WARNING - /home/airflow/.local/lib/python3.11/site-packages/airflow/models/baseoperator.py:437 RemovedInAirflow3Warning: provide_context is deprecated as of 2.0 and is no longer required
[2026-01-09T16:07:47.934+0000] {processor.py:840} INFO - DAG(s) 'daily_sales_etl_pipeline' retrieved from /opt/airflow/dags/example_etl_pipeline.py
[2026-01-09T16:07:47.949+0000] {logging_mixin.py:188} INFO - [2026-01-09T16:07:47.948+0000] {dag.py:3036} INFO - Sync 1 DAGs
[2026-01-09T16:07:47.966+0000] {logging_mixin.py:188} INFO - [2026-01-09T16:07:47.966+0000] {dag.py:3823} INFO - Setting next_dagrun for daily_sales_etl_pipeline to 2026-01-08 06:00:00+00:00, run_after=2026-01-09 06:00:00+00:00
[2026-01-09T16:07:47.977+0000] {processor.py:183} INFO - Processing /opt/airflow/dags/example_etl_pipeline.py took 0.475 seconds
[2026-01-09T16:08:18.930+0000] {processor.py:161} INFO - Started process (PID=333) to work on /opt/airflow/dags/example_etl_pipeline.py
[2026-01-09T16:08:18.930+0000] {processor.py:830} INFO - Processing file /opt/airflow/dags/example_etl_pipeline.py for tasks to queue
[2026-01-09T16:08:18.931+0000] {logging_mixin.py:188} INFO - [2026-01-09T16:08:18.931+0000] {dagbag.py:538} INFO - Filling up the DagBag from /opt/airflow/dags/example_etl_pipeline.py
[2026-01-09T16:08:19.310+0000] {logging_mixin.py:188} WARNING - /home/airflow/.local/lib/python3.11/site-packages/airflow/models/baseoperator.py:437 RemovedInAirflow3Warning: provide_context is deprecated as of 2.0 and is no longer required
[2026-01-09T16:08:19.313+0000] {processor.py:840} INFO - DAG(s) 'daily_sales_etl_pipeline' retrieved from /opt/airflow/dags/example_etl_pipeline.py
[2026-01-09T16:08:19.341+0000] {logging_mixin.py:188} INFO - [2026-01-09T16:08:19.341+0000] {dag.py:3036} INFO - Sync 1 DAGs
[2026-01-09T16:08:19.360+0000] {logging_mixin.py:188} INFO - [2026-01-09T16:08:19.360+0000] {dag.py:3823} INFO - Setting next_dagrun for daily_sales_etl_pipeline to 2026-01-08 06:00:00+00:00, run_after=2026-01-09 06:00:00+00:00
[2026-01-09T16:08:19.370+0000] {processor.py:183} INFO - Processing /opt/airflow/dags/example_etl_pipeline.py took 0.443 seconds
[2026-01-09T16:09:17.658+0000] {processor.py:161} INFO - Started process (PID=349) to work on /opt/airflow/dags/example_etl_pipeline.py
[2026-01-09T16:09:17.677+0000] {processor.py:830} INFO - Processing file /opt/airflow/dags/example_etl_pipeline.py for tasks to queue
[2026-01-09T16:09:17.688+0000] {logging_mixin.py:188} INFO - [2026-01-09T16:09:17.684+0000] {dagbag.py:538} INFO - Filling up the DagBag from /opt/airflow/dags/example_etl_pipeline.py
[2026-01-09T16:09:19.567+0000] {logging_mixin.py:188} WARNING - /home/airflow/.local/lib/python3.11/site-packages/airflow/models/baseoperator.py:437 RemovedInAirflow3Warning: provide_context is deprecated as of 2.0 and is no longer required
[2026-01-09T16:09:19.582+0000] {processor.py:840} INFO - DAG(s) 'daily_sales_etl_pipeline' retrieved from /opt/airflow/dags/example_etl_pipeline.py
[2026-01-09T16:09:19.606+0000] {logging_mixin.py:188} INFO - [2026-01-09T16:09:19.605+0000] {dag.py:3036} INFO - Sync 1 DAGs
[2026-01-09T16:09:19.624+0000] {logging_mixin.py:188} INFO - [2026-01-09T16:09:19.624+0000] {dag.py:3823} INFO - Setting next_dagrun for daily_sales_etl_pipeline to 2026-01-08 06:00:00+00:00, run_after=2026-01-09 06:00:00+00:00
[2026-01-09T16:09:19.643+0000] {processor.py:183} INFO - Processing /opt/airflow/dags/example_etl_pipeline.py took 7.878 seconds
[2026-01-09T16:09:50.051+0000] {processor.py:161} INFO - Started process (PID=394) to work on /opt/airflow/dags/example_etl_pipeline.py
[2026-01-09T16:09:50.052+0000] {processor.py:830} INFO - Processing file /opt/airflow/dags/example_etl_pipeline.py for tasks to queue
[2026-01-09T16:09:50.052+0000] {logging_mixin.py:188} INFO - [2026-01-09T16:09:50.052+0000] {dagbag.py:538} INFO - Filling up the DagBag from /opt/airflow/dags/example_etl_pipeline.py
[2026-01-09T16:09:50.477+0000] {logging_mixin.py:188} WARNING - /home/airflow/.local/lib/python3.11/site-packages/airflow/models/baseoperator.py:437 RemovedInAirflow3Warning: provide_context is deprecated as of 2.0 and is no longer required
[2026-01-09T16:09:50.480+0000] {processor.py:840} INFO - DAG(s) 'daily_sales_etl_pipeline' retrieved from /opt/airflow/dags/example_etl_pipeline.py
[2026-01-09T16:09:50.489+0000] {logging_mixin.py:188} INFO - [2026-01-09T16:09:50.489+0000] {dag.py:3036} INFO - Sync 1 DAGs
[2026-01-09T16:09:50.497+0000] {logging_mixin.py:188} INFO - [2026-01-09T16:09:50.497+0000] {dag.py:3823} INFO - Setting next_dagrun for daily_sales_etl_pipeline to 2026-01-08 06:00:00+00:00, run_after=2026-01-09 06:00:00+00:00
[2026-01-09T16:09:50.504+0000] {processor.py:183} INFO - Processing /opt/airflow/dags/example_etl_pipeline.py took 0.457 seconds
[2026-01-09T16:10:20.555+0000] {processor.py:161} INFO - Started process (PID=429) to work on /opt/airflow/dags/example_etl_pipeline.py
[2026-01-09T16:10:20.555+0000] {processor.py:830} INFO - Processing file /opt/airflow/dags/example_etl_pipeline.py for tasks to queue
[2026-01-09T16:10:20.556+0000] {logging_mixin.py:188} INFO - [2026-01-09T16:10:20.556+0000] {dagbag.py:538} INFO - Filling up the DagBag from /opt/airflow/dags/example_etl_pipeline.py
[2026-01-09T16:10:20.979+0000] {logging_mixin.py:188} WARNING - /home/airflow/.local/lib/python3.11/site-packages/airflow/models/baseoperator.py:437 RemovedInAirflow3Warning: provide_context is deprecated as of 2.0 and is no longer required
[2026-01-09T16:10:20.983+0000] {processor.py:840} INFO - DAG(s) 'daily_sales_etl_pipeline' retrieved from /opt/airflow/dags/example_etl_pipeline.py
[2026-01-09T16:10:20.996+0000] {logging_mixin.py:188} INFO - [2026-01-09T16:10:20.995+0000] {dag.py:3036} INFO - Sync 1 DAGs
[2026-01-09T16:10:21.005+0000] {logging_mixin.py:188} INFO - [2026-01-09T16:10:21.005+0000] {dag.py:3823} INFO - Setting next_dagrun for daily_sales_etl_pipeline to 2026-01-08 06:00:00+00:00, run_after=2026-01-09 06:00:00+00:00
[2026-01-09T16:10:21.012+0000] {processor.py:183} INFO - Processing /opt/airflow/dags/example_etl_pipeline.py took 0.459 seconds
[2026-01-09T16:10:51.044+0000] {processor.py:161} INFO - Started process (PID=461) to work on /opt/airflow/dags/example_etl_pipeline.py
[2026-01-09T16:10:51.044+0000] {processor.py:830} INFO - Processing file /opt/airflow/dags/example_etl_pipeline.py for tasks to queue
[2026-01-09T16:10:51.045+0000] {logging_mixin.py:188} INFO - [2026-01-09T16:10:51.045+0000] {dagbag.py:538} INFO - Filling up the DagBag from /opt/airflow/dags/example_etl_pipeline.py
[2026-01-09T16:10:51.361+0000] {logging_mixin.py:188} WARNING - /home/airflow/.local/lib/python3.11/site-packages/airflow/models/baseoperator.py:437 RemovedInAirflow3Warning: provide_context is deprecated as of 2.0 and is no longer required
[2026-01-09T16:10:51.363+0000] {processor.py:840} INFO - DAG(s) 'daily_sales_etl_pipeline' retrieved from /opt/airflow/dags/example_etl_pipeline.py
[2026-01-09T16:10:51.372+0000] {logging_mixin.py:188} INFO - [2026-01-09T16:10:51.372+0000] {dag.py:3036} INFO - Sync 1 DAGs
[2026-01-09T16:10:51.379+0000] {logging_mixin.py:188} INFO - [2026-01-09T16:10:51.379+0000] {dag.py:3823} INFO - Setting next_dagrun for daily_sales_etl_pipeline to 2026-01-08 06:00:00+00:00, run_after=2026-01-09 06:00:00+00:00
[2026-01-09T16:10:51.385+0000] {processor.py:183} INFO - Processing /opt/airflow/dags/example_etl_pipeline.py took 0.344 seconds
[2026-01-09T16:11:21.464+0000] {processor.py:161} INFO - Started process (PID=491) to work on /opt/airflow/dags/example_etl_pipeline.py
[2026-01-09T16:11:21.465+0000] {processor.py:830} INFO - Processing file /opt/airflow/dags/example_etl_pipeline.py for tasks to queue
[2026-01-09T16:11:21.466+0000] {logging_mixin.py:188} INFO - [2026-01-09T16:11:21.466+0000] {dagbag.py:538} INFO - Filling up the DagBag from /opt/airflow/dags/example_etl_pipeline.py
[2026-01-09T16:11:21.881+0000] {logging_mixin.py:188} WARNING - /home/airflow/.local/lib/python3.11/site-packages/airflow/models/baseoperator.py:437 RemovedInAirflow3Warning: provide_context is deprecated as of 2.0 and is no longer required
[2026-01-09T16:11:21.885+0000] {processor.py:840} INFO - DAG(s) 'daily_sales_etl_pipeline' retrieved from /opt/airflow/dags/example_etl_pipeline.py
[2026-01-09T16:11:21.905+0000] {logging_mixin.py:188} INFO - [2026-01-09T16:11:21.905+0000] {dag.py:3036} INFO - Sync 1 DAGs
[2026-01-09T16:11:21.914+0000] {logging_mixin.py:188} INFO - [2026-01-09T16:11:21.914+0000] {dag.py:3823} INFO - Setting next_dagrun for daily_sales_etl_pipeline to 2026-01-08 06:00:00+00:00, run_after=2026-01-09 06:00:00+00:00
[2026-01-09T16:11:21.921+0000] {processor.py:183} INFO - Processing /opt/airflow/dags/example_etl_pipeline.py took 0.460 seconds
[2026-01-09T16:11:52.288+0000] {processor.py:161} INFO - Started process (PID=524) to work on /opt/airflow/dags/example_etl_pipeline.py
[2026-01-09T16:11:52.289+0000] {processor.py:830} INFO - Processing file /opt/airflow/dags/example_etl_pipeline.py for tasks to queue
[2026-01-09T16:11:52.289+0000] {logging_mixin.py:188} INFO - [2026-01-09T16:11:52.289+0000] {dagbag.py:538} INFO - Filling up the DagBag from /opt/airflow/dags/example_etl_pipeline.py
[2026-01-09T16:11:52.741+0000] {logging_mixin.py:188} WARNING - /home/airflow/.local/lib/python3.11/site-packages/airflow/models/baseoperator.py:437 RemovedInAirflow3Warning: provide_context is deprecated as of 2.0 and is no longer required
[2026-01-09T16:11:52.746+0000] {processor.py:840} INFO - DAG(s) 'daily_sales_etl_pipeline' retrieved from /opt/airflow/dags/example_etl_pipeline.py
[2026-01-09T16:11:52.766+0000] {logging_mixin.py:188} INFO - [2026-01-09T16:11:52.766+0000] {dag.py:3036} INFO - Sync 1 DAGs
[2026-01-09T16:11:52.773+0000] {logging_mixin.py:188} INFO - [2026-01-09T16:11:52.773+0000] {dag.py:3823} INFO - Setting next_dagrun for daily_sales_etl_pipeline to 2026-01-08 06:00:00+00:00, run_after=2026-01-09 06:00:00+00:00
[2026-01-09T16:11:52.780+0000] {processor.py:183} INFO - Processing /opt/airflow/dags/example_etl_pipeline.py took 0.494 seconds
[2026-01-09T16:12:23.758+0000] {processor.py:161} INFO - Started process (PID=563) to work on /opt/airflow/dags/example_etl_pipeline.py
[2026-01-09T16:12:23.759+0000] {processor.py:830} INFO - Processing file /opt/airflow/dags/example_etl_pipeline.py for tasks to queue
[2026-01-09T16:12:23.759+0000] {logging_mixin.py:188} INFO - [2026-01-09T16:12:23.759+0000] {dagbag.py:538} INFO - Filling up the DagBag from /opt/airflow/dags/example_etl_pipeline.py
[2026-01-09T16:12:24.157+0000] {logging_mixin.py:188} WARNING - /home/airflow/.local/lib/python3.11/site-packages/airflow/models/baseoperator.py:437 RemovedInAirflow3Warning: provide_context is deprecated as of 2.0 and is no longer required
[2026-01-09T16:12:24.162+0000] {processor.py:840} INFO - DAG(s) 'daily_sales_etl_pipeline' retrieved from /opt/airflow/dags/example_etl_pipeline.py
[2026-01-09T16:12:24.212+0000] {logging_mixin.py:188} INFO - [2026-01-09T16:12:24.212+0000] {dag.py:3036} INFO - Sync 1 DAGs
[2026-01-09T16:12:24.233+0000] {logging_mixin.py:188} INFO - [2026-01-09T16:12:24.232+0000] {dag.py:3823} INFO - Setting next_dagrun for daily_sales_etl_pipeline to 2026-01-08 06:00:00+00:00, run_after=2026-01-09 06:00:00+00:00
[2026-01-09T16:12:24.242+0000] {processor.py:183} INFO - Processing /opt/airflow/dags/example_etl_pipeline.py took 0.488 seconds
[2026-01-09T16:12:54.454+0000] {processor.py:161} INFO - Started process (PID=597) to work on /opt/airflow/dags/example_etl_pipeline.py
[2026-01-09T16:12:54.454+0000] {processor.py:830} INFO - Processing file /opt/airflow/dags/example_etl_pipeline.py for tasks to queue
[2026-01-09T16:12:54.455+0000] {logging_mixin.py:188} INFO - [2026-01-09T16:12:54.455+0000] {dagbag.py:538} INFO - Filling up the DagBag from /opt/airflow/dags/example_etl_pipeline.py
[2026-01-09T16:12:54.646+0000] {logging_mixin.py:188} WARNING - /home/airflow/.local/lib/python3.11/site-packages/airflow/models/baseoperator.py:437 RemovedInAirflow3Warning: provide_context is deprecated as of 2.0 and is no longer required
[2026-01-09T16:12:54.649+0000] {processor.py:840} INFO - DAG(s) 'daily_sales_etl_pipeline' retrieved from /opt/airflow/dags/example_etl_pipeline.py
[2026-01-09T16:12:54.668+0000] {logging_mixin.py:188} INFO - [2026-01-09T16:12:54.668+0000] {dag.py:3036} INFO - Sync 1 DAGs
[2026-01-09T16:12:54.678+0000] {logging_mixin.py:188} INFO - [2026-01-09T16:12:54.678+0000] {dag.py:3823} INFO - Setting next_dagrun for daily_sales_etl_pipeline to 2026-01-08 06:00:00+00:00, run_after=2026-01-09 06:00:00+00:00
[2026-01-09T16:12:54.685+0000] {processor.py:183} INFO - Processing /opt/airflow/dags/example_etl_pipeline.py took 0.234 seconds
[2026-01-09T16:13:25.445+0000] {processor.py:161} INFO - Started process (PID=622) to work on /opt/airflow/dags/example_etl_pipeline.py
[2026-01-09T16:13:25.446+0000] {processor.py:830} INFO - Processing file /opt/airflow/dags/example_etl_pipeline.py for tasks to queue
[2026-01-09T16:13:25.447+0000] {logging_mixin.py:188} INFO - [2026-01-09T16:13:25.446+0000] {dagbag.py:538} INFO - Filling up the DagBag from /opt/airflow/dags/example_etl_pipeline.py
[2026-01-09T16:13:33.270+0000] {logging_mixin.py:188} WARNING - /home/airflow/.local/lib/python3.11/site-packages/airflow/models/baseoperator.py:437 RemovedInAirflow3Warning: provide_context is deprecated as of 2.0 and is no longer required
[2026-01-09T16:13:33.280+0000] {processor.py:840} INFO - DAG(s) 'daily_sales_etl_pipeline' retrieved from /opt/airflow/dags/example_etl_pipeline.py
[2026-01-09T16:13:33.323+0000] {logging_mixin.py:188} INFO - [2026-01-09T16:13:33.323+0000] {dag.py:3036} INFO - Sync 1 DAGs
[2026-01-09T16:13:33.334+0000] {logging_mixin.py:188} INFO - [2026-01-09T16:13:33.334+0000] {dag.py:3823} INFO - Setting next_dagrun for daily_sales_etl_pipeline to 2026-01-08 06:00:00+00:00, run_after=2026-01-09 06:00:00+00:00
[2026-01-09T16:13:33.342+0000] {processor.py:183} INFO - Processing /opt/airflow/dags/example_etl_pipeline.py took 7.901 seconds
[2026-01-09T16:14:03.655+0000] {processor.py:161} INFO - Started process (PID=657) to work on /opt/airflow/dags/example_etl_pipeline.py
[2026-01-09T16:14:03.656+0000] {processor.py:830} INFO - Processing file /opt/airflow/dags/example_etl_pipeline.py for tasks to queue
[2026-01-09T16:14:03.657+0000] {logging_mixin.py:188} INFO - [2026-01-09T16:14:03.656+0000] {dagbag.py:538} INFO - Filling up the DagBag from /opt/airflow/dags/example_etl_pipeline.py
[2026-01-09T16:14:03.899+0000] {logging_mixin.py:188} WARNING - /home/airflow/.local/lib/python3.11/site-packages/airflow/models/baseoperator.py:437 RemovedInAirflow3Warning: provide_context is deprecated as of 2.0 and is no longer required
[2026-01-09T16:14:03.902+0000] {processor.py:840} INFO - DAG(s) 'daily_sales_etl_pipeline' retrieved from /opt/airflow/dags/example_etl_pipeline.py
[2026-01-09T16:14:03.915+0000] {logging_mixin.py:188} INFO - [2026-01-09T16:14:03.915+0000] {dag.py:3036} INFO - Sync 1 DAGs
[2026-01-09T16:14:03.924+0000] {logging_mixin.py:188} INFO - [2026-01-09T16:14:03.924+0000] {dag.py:3823} INFO - Setting next_dagrun for daily_sales_etl_pipeline to 2026-01-08 06:00:00+00:00, run_after=2026-01-09 06:00:00+00:00
[2026-01-09T16:14:03.931+0000] {processor.py:183} INFO - Processing /opt/airflow/dags/example_etl_pipeline.py took 0.279 seconds
[2026-01-09T16:14:34.421+0000] {processor.py:161} INFO - Started process (PID=690) to work on /opt/airflow/dags/example_etl_pipeline.py
[2026-01-09T16:14:34.424+0000] {processor.py:830} INFO - Processing file /opt/airflow/dags/example_etl_pipeline.py for tasks to queue
[2026-01-09T16:14:34.426+0000] {logging_mixin.py:188} INFO - [2026-01-09T16:14:34.425+0000] {dagbag.py:538} INFO - Filling up the DagBag from /opt/airflow/dags/example_etl_pipeline.py
[2026-01-09T16:14:40.967+0000] {logging_mixin.py:188} WARNING - /home/airflow/.local/lib/python3.11/site-packages/airflow/models/baseoperator.py:437 RemovedInAirflow3Warning: provide_context is deprecated as of 2.0 and is no longer required
[2026-01-09T16:14:41.072+0000] {processor.py:840} INFO - DAG(s) 'daily_sales_etl_pipeline' retrieved from /opt/airflow/dags/example_etl_pipeline.py
[2026-01-09T16:14:45.270+0000] {logging_mixin.py:188} INFO - [2026-01-09T16:14:45.220+0000] {dag.py:3036} INFO - Sync 1 DAGs
[2026-01-09T16:14:46.105+0000] {logging_mixin.py:188} INFO - [2026-01-09T16:14:46.101+0000] {dag.py:3823} INFO - Setting next_dagrun for daily_sales_etl_pipeline to 2026-01-08 06:00:00+00:00, run_after=2026-01-09 06:00:00+00:00
[2026-01-09T16:14:46.154+0000] {processor.py:183} INFO - Processing /opt/airflow/dags/example_etl_pipeline.py took 11.741 seconds
[2026-01-09T16:15:16.583+0000] {processor.py:161} INFO - Started process (PID=728) to work on /opt/airflow/dags/example_etl_pipeline.py
[2026-01-09T16:15:16.584+0000] {processor.py:830} INFO - Processing file /opt/airflow/dags/example_etl_pipeline.py for tasks to queue
[2026-01-09T16:15:16.586+0000] {logging_mixin.py:188} INFO - [2026-01-09T16:15:16.585+0000] {dagbag.py:538} INFO - Filling up the DagBag from /opt/airflow/dags/example_etl_pipeline.py
[2026-01-09T16:15:16.818+0000] {logging_mixin.py:188} WARNING - /home/airflow/.local/lib/python3.11/site-packages/airflow/models/baseoperator.py:437 RemovedInAirflow3Warning: provide_context is deprecated as of 2.0 and is no longer required
[2026-01-09T16:15:16.822+0000] {processor.py:840} INFO - DAG(s) 'daily_sales_etl_pipeline' retrieved from /opt/airflow/dags/example_etl_pipeline.py
[2026-01-09T16:15:16.838+0000] {logging_mixin.py:188} INFO - [2026-01-09T16:15:16.838+0000] {dag.py:3036} INFO - Sync 1 DAGs
[2026-01-09T16:15:16.850+0000] {logging_mixin.py:188} INFO - [2026-01-09T16:15:16.850+0000] {dag.py:3823} INFO - Setting next_dagrun for daily_sales_etl_pipeline to 2026-01-08 06:00:00+00:00, run_after=2026-01-09 06:00:00+00:00
[2026-01-09T16:15:16.858+0000] {processor.py:183} INFO - Processing /opt/airflow/dags/example_etl_pipeline.py took 0.278 seconds
[2026-01-09T16:15:47.060+0000] {processor.py:161} INFO - Started process (PID=761) to work on /opt/airflow/dags/example_etl_pipeline.py
[2026-01-09T16:15:47.061+0000] {processor.py:830} INFO - Processing file /opt/airflow/dags/example_etl_pipeline.py for tasks to queue
[2026-01-09T16:15:47.061+0000] {logging_mixin.py:188} INFO - [2026-01-09T16:15:47.061+0000] {dagbag.py:538} INFO - Filling up the DagBag from /opt/airflow/dags/example_etl_pipeline.py
[2026-01-09T16:15:47.218+0000] {logging_mixin.py:188} WARNING - /home/airflow/.local/lib/python3.11/site-packages/airflow/models/baseoperator.py:437 RemovedInAirflow3Warning: provide_context is deprecated as of 2.0 and is no longer required
[2026-01-09T16:15:47.222+0000] {processor.py:840} INFO - DAG(s) 'daily_sales_etl_pipeline' retrieved from /opt/airflow/dags/example_etl_pipeline.py
[2026-01-09T16:15:47.237+0000] {logging_mixin.py:188} INFO - [2026-01-09T16:15:47.237+0000] {dag.py:3036} INFO - Sync 1 DAGs
[2026-01-09T16:15:47.250+0000] {logging_mixin.py:188} INFO - [2026-01-09T16:15:47.249+0000] {dag.py:3823} INFO - Setting next_dagrun for daily_sales_etl_pipeline to 2026-01-08 06:00:00+00:00, run_after=2026-01-09 06:00:00+00:00
[2026-01-09T16:15:47.258+0000] {processor.py:183} INFO - Processing /opt/airflow/dags/example_etl_pipeline.py took 0.201 seconds
[2026-01-09T16:17:04.214+0000] {processor.py:161} INFO - Started process (PID=192) to work on /opt/airflow/dags/example_etl_pipeline.py
[2026-01-09T16:17:04.214+0000] {processor.py:830} INFO - Processing file /opt/airflow/dags/example_etl_pipeline.py for tasks to queue
[2026-01-09T16:17:04.215+0000] {logging_mixin.py:188} INFO - [2026-01-09T16:17:04.214+0000] {dagbag.py:538} INFO - Filling up the DagBag from /opt/airflow/dags/example_etl_pipeline.py
[2026-01-09T16:17:04.800+0000] {logging_mixin.py:188} WARNING - /home/airflow/.local/lib/python3.11/site-packages/airflow/models/baseoperator.py:437 RemovedInAirflow3Warning: provide_context is deprecated as of 2.0 and is no longer required
[2026-01-09T16:17:04.808+0000] {processor.py:840} INFO - DAG(s) 'daily_sales_etl_pipeline' retrieved from /opt/airflow/dags/example_etl_pipeline.py
[2026-01-09T16:17:04.815+0000] {logging_mixin.py:188} INFO - [2026-01-09T16:17:04.815+0000] {dag.py:3036} INFO - Sync 1 DAGs
[2026-01-09T16:17:04.825+0000] {logging_mixin.py:188} INFO - [2026-01-09T16:17:04.825+0000] {dag.py:3823} INFO - Setting next_dagrun for daily_sales_etl_pipeline to 2026-01-08 06:00:00+00:00, run_after=2026-01-09 06:00:00+00:00
[2026-01-09T16:17:04.845+0000] {processor.py:183} INFO - Processing /opt/airflow/dags/example_etl_pipeline.py took 0.634 seconds
[2026-01-09T16:17:35.737+0000] {processor.py:161} INFO - Started process (PID=230) to work on /opt/airflow/dags/example_etl_pipeline.py
[2026-01-09T16:17:35.738+0000] {processor.py:830} INFO - Processing file /opt/airflow/dags/example_etl_pipeline.py for tasks to queue
[2026-01-09T16:17:35.738+0000] {logging_mixin.py:188} INFO - [2026-01-09T16:17:35.738+0000] {dagbag.py:538} INFO - Filling up the DagBag from /opt/airflow/dags/example_etl_pipeline.py
[2026-01-09T16:17:38.794+0000] {logging_mixin.py:188} WARNING - /home/airflow/.local/lib/python3.11/site-packages/airflow/models/baseoperator.py:437 RemovedInAirflow3Warning: provide_context is deprecated as of 2.0 and is no longer required
[2026-01-09T16:17:38.992+0000] {processor.py:840} INFO - DAG(s) 'daily_sales_etl_pipeline' retrieved from /opt/airflow/dags/example_etl_pipeline.py
[2026-01-09T16:17:55.859+0000] {logging_mixin.py:188} INFO - [2026-01-09T16:17:55.853+0000] {dag.py:3036} INFO - Sync 1 DAGs
[2026-01-09T16:17:55.945+0000] {logging_mixin.py:188} INFO - [2026-01-09T16:17:55.943+0000] {dag.py:3823} INFO - Setting next_dagrun for daily_sales_etl_pipeline to 2026-01-08 06:00:00+00:00, run_after=2026-01-09 06:00:00+00:00
[2026-01-09T16:17:56.030+0000] {processor.py:183} INFO - Processing /opt/airflow/dags/example_etl_pipeline.py took 20.296 seconds
[2026-01-09T16:18:26.365+0000] {processor.py:161} INFO - Started process (PID=285) to work on /opt/airflow/dags/example_etl_pipeline.py
[2026-01-09T16:18:26.365+0000] {processor.py:830} INFO - Processing file /opt/airflow/dags/example_etl_pipeline.py for tasks to queue
[2026-01-09T16:18:26.366+0000] {logging_mixin.py:188} INFO - [2026-01-09T16:18:26.366+0000] {dagbag.py:538} INFO - Filling up the DagBag from /opt/airflow/dags/example_etl_pipeline.py
[2026-01-09T16:18:26.703+0000] {logging_mixin.py:188} WARNING - /home/airflow/.local/lib/python3.11/site-packages/airflow/models/baseoperator.py:437 RemovedInAirflow3Warning: provide_context is deprecated as of 2.0 and is no longer required
[2026-01-09T16:18:26.705+0000] {processor.py:840} INFO - DAG(s) 'daily_sales_etl_pipeline' retrieved from /opt/airflow/dags/example_etl_pipeline.py
[2026-01-09T16:18:26.715+0000] {logging_mixin.py:188} INFO - [2026-01-09T16:18:26.715+0000] {dag.py:3036} INFO - Sync 1 DAGs
[2026-01-09T16:18:26.722+0000] {logging_mixin.py:188} INFO - [2026-01-09T16:18:26.722+0000] {dag.py:3823} INFO - Setting next_dagrun for daily_sales_etl_pipeline to 2026-01-08 06:00:00+00:00, run_after=2026-01-09 06:00:00+00:00
[2026-01-09T16:18:26.728+0000] {processor.py:183} INFO - Processing /opt/airflow/dags/example_etl_pipeline.py took 0.366 seconds
[2026-01-09T16:18:56.869+0000] {processor.py:161} INFO - Started process (PID=323) to work on /opt/airflow/dags/example_etl_pipeline.py
[2026-01-09T16:18:56.870+0000] {processor.py:830} INFO - Processing file /opt/airflow/dags/example_etl_pipeline.py for tasks to queue
[2026-01-09T16:18:56.871+0000] {logging_mixin.py:188} INFO - [2026-01-09T16:18:56.871+0000] {dagbag.py:538} INFO - Filling up the DagBag from /opt/airflow/dags/example_etl_pipeline.py
[2026-01-09T16:18:57.149+0000] {logging_mixin.py:188} WARNING - /home/airflow/.local/lib/python3.11/site-packages/airflow/models/baseoperator.py:437 RemovedInAirflow3Warning: provide_context is deprecated as of 2.0 and is no longer required
[2026-01-09T16:18:57.151+0000] {processor.py:840} INFO - DAG(s) 'daily_sales_etl_pipeline' retrieved from /opt/airflow/dags/example_etl_pipeline.py
[2026-01-09T16:18:57.161+0000] {logging_mixin.py:188} INFO - [2026-01-09T16:18:57.161+0000] {dag.py:3036} INFO - Sync 1 DAGs
[2026-01-09T16:18:57.168+0000] {logging_mixin.py:188} INFO - [2026-01-09T16:18:57.168+0000] {dag.py:3823} INFO - Setting next_dagrun for daily_sales_etl_pipeline to 2026-01-08 06:00:00+00:00, run_after=2026-01-09 06:00:00+00:00
[2026-01-09T16:18:57.174+0000] {processor.py:183} INFO - Processing /opt/airflow/dags/example_etl_pipeline.py took 0.309 seconds
[2026-01-09T16:19:27.417+0000] {processor.py:161} INFO - Started process (PID=360) to work on /opt/airflow/dags/example_etl_pipeline.py
[2026-01-09T16:19:27.418+0000] {processor.py:830} INFO - Processing file /opt/airflow/dags/example_etl_pipeline.py for tasks to queue
[2026-01-09T16:19:27.419+0000] {logging_mixin.py:188} INFO - [2026-01-09T16:19:27.419+0000] {dagbag.py:538} INFO - Filling up the DagBag from /opt/airflow/dags/example_etl_pipeline.py
[2026-01-09T16:19:27.679+0000] {logging_mixin.py:188} WARNING - /home/airflow/.local/lib/python3.11/site-packages/airflow/models/baseoperator.py:437 RemovedInAirflow3Warning: provide_context is deprecated as of 2.0 and is no longer required
[2026-01-09T16:19:27.682+0000] {processor.py:840} INFO - DAG(s) 'daily_sales_etl_pipeline' retrieved from /opt/airflow/dags/example_etl_pipeline.py
[2026-01-09T16:19:27.692+0000] {logging_mixin.py:188} INFO - [2026-01-09T16:19:27.691+0000] {dag.py:3036} INFO - Sync 1 DAGs
[2026-01-09T16:19:27.699+0000] {logging_mixin.py:188} INFO - [2026-01-09T16:19:27.699+0000] {dag.py:3823} INFO - Setting next_dagrun for daily_sales_etl_pipeline to 2026-01-08 06:00:00+00:00, run_after=2026-01-09 06:00:00+00:00
[2026-01-09T16:19:27.705+0000] {processor.py:183} INFO - Processing /opt/airflow/dags/example_etl_pipeline.py took 0.291 seconds
[2026-01-09T16:19:57.956+0000] {processor.py:161} INFO - Started process (PID=398) to work on /opt/airflow/dags/example_etl_pipeline.py
[2026-01-09T16:19:57.958+0000] {processor.py:830} INFO - Processing file /opt/airflow/dags/example_etl_pipeline.py for tasks to queue
[2026-01-09T16:19:57.961+0000] {logging_mixin.py:188} INFO - [2026-01-09T16:19:57.960+0000] {dagbag.py:538} INFO - Filling up the DagBag from /opt/airflow/dags/example_etl_pipeline.py
[2026-01-09T16:19:58.632+0000] {logging_mixin.py:188} WARNING - /home/airflow/.local/lib/python3.11/site-packages/airflow/models/baseoperator.py:437 RemovedInAirflow3Warning: provide_context is deprecated as of 2.0 and is no longer required
[2026-01-09T16:19:58.638+0000] {processor.py:840} INFO - DAG(s) 'daily_sales_etl_pipeline' retrieved from /opt/airflow/dags/example_etl_pipeline.py
[2026-01-09T16:19:58.658+0000] {logging_mixin.py:188} INFO - [2026-01-09T16:19:58.658+0000] {dag.py:3036} INFO - Sync 1 DAGs
[2026-01-09T16:19:58.679+0000] {logging_mixin.py:188} INFO - [2026-01-09T16:19:58.679+0000] {dag.py:3823} INFO - Setting next_dagrun for daily_sales_etl_pipeline to 2026-01-08 06:00:00+00:00, run_after=2026-01-09 06:00:00+00:00
[2026-01-09T16:19:58.696+0000] {processor.py:183} INFO - Processing /opt/airflow/dags/example_etl_pipeline.py took 0.756 seconds
[2026-01-09T16:20:29.240+0000] {processor.py:161} INFO - Started process (PID=441) to work on /opt/airflow/dags/example_etl_pipeline.py
[2026-01-09T16:20:29.244+0000] {processor.py:830} INFO - Processing file /opt/airflow/dags/example_etl_pipeline.py for tasks to queue
[2026-01-09T16:20:29.245+0000] {logging_mixin.py:188} INFO - [2026-01-09T16:20:29.245+0000] {dagbag.py:538} INFO - Filling up the DagBag from /opt/airflow/dags/example_etl_pipeline.py
[2026-01-09T16:20:29.991+0000] {logging_mixin.py:188} WARNING - /home/airflow/.local/lib/python3.11/site-packages/airflow/models/baseoperator.py:437 RemovedInAirflow3Warning: provide_context is deprecated as of 2.0 and is no longer required
[2026-01-09T16:20:30.005+0000] {processor.py:840} INFO - DAG(s) 'daily_sales_etl_pipeline' retrieved from /opt/airflow/dags/example_etl_pipeline.py
[2026-01-09T16:20:30.411+0000] {logging_mixin.py:188} INFO - [2026-01-09T16:20:30.404+0000] {dag.py:3036} INFO - Sync 1 DAGs
[2026-01-09T16:20:30.904+0000] {logging_mixin.py:188} INFO - [2026-01-09T16:20:30.883+0000] {dag.py:3823} INFO - Setting next_dagrun for daily_sales_etl_pipeline to 2026-01-08 06:00:00+00:00, run_after=2026-01-09 06:00:00+00:00
[2026-01-09T16:20:33.197+0000] {processor.py:183} INFO - Processing /opt/airflow/dags/example_etl_pipeline.py took 3.968 seconds
[2026-01-09T16:21:03.456+0000] {processor.py:161} INFO - Started process (PID=472) to work on /opt/airflow/dags/example_etl_pipeline.py
[2026-01-09T16:21:03.457+0000] {processor.py:830} INFO - Processing file /opt/airflow/dags/example_etl_pipeline.py for tasks to queue
[2026-01-09T16:21:03.458+0000] {logging_mixin.py:188} INFO - [2026-01-09T16:21:03.458+0000] {dagbag.py:538} INFO - Filling up the DagBag from /opt/airflow/dags/example_etl_pipeline.py
[2026-01-09T16:21:12.458+0000] {logging_mixin.py:188} WARNING - /home/airflow/.local/lib/python3.11/site-packages/airflow/models/baseoperator.py:437 RemovedInAirflow3Warning: provide_context is deprecated as of 2.0 and is no longer required
[2026-01-09T16:21:12.470+0000] {processor.py:840} INFO - DAG(s) 'daily_sales_etl_pipeline' retrieved from /opt/airflow/dags/example_etl_pipeline.py
[2026-01-09T16:21:12.578+0000] {logging_mixin.py:188} INFO - [2026-01-09T16:21:12.572+0000] {dag.py:3036} INFO - Sync 1 DAGs
[2026-01-09T16:21:12.628+0000] {logging_mixin.py:188} INFO - [2026-01-09T16:21:12.626+0000] {dag.py:3823} INFO - Setting next_dagrun for daily_sales_etl_pipeline to 2026-01-08 06:00:00+00:00, run_after=2026-01-09 06:00:00+00:00
[2026-01-09T16:21:12.654+0000] {processor.py:183} INFO - Processing /opt/airflow/dags/example_etl_pipeline.py took 9.202 seconds
[2026-01-09T16:21:43.340+0000] {processor.py:161} INFO - Started process (PID=518) to work on /opt/airflow/dags/example_etl_pipeline.py
[2026-01-09T16:21:43.340+0000] {processor.py:830} INFO - Processing file /opt/airflow/dags/example_etl_pipeline.py for tasks to queue
[2026-01-09T16:21:43.341+0000] {logging_mixin.py:188} INFO - [2026-01-09T16:21:43.341+0000] {dagbag.py:538} INFO - Filling up the DagBag from /opt/airflow/dags/example_etl_pipeline.py
[2026-01-09T16:21:55.056+0000] {logging_mixin.py:188} WARNING - /home/airflow/.local/lib/python3.11/site-packages/airflow/models/baseoperator.py:437 RemovedInAirflow3Warning: provide_context is deprecated as of 2.0 and is no longer required
[2026-01-09T16:21:55.071+0000] {processor.py:840} INFO - DAG(s) 'daily_sales_etl_pipeline' retrieved from /opt/airflow/dags/example_etl_pipeline.py
[2026-01-09T16:21:55.471+0000] {logging_mixin.py:188} INFO - [2026-01-09T16:21:55.464+0000] {dag.py:3036} INFO - Sync 1 DAGs
[2026-01-09T16:21:55.777+0000] {logging_mixin.py:188} INFO - [2026-01-09T16:21:55.768+0000] {dag.py:3823} INFO - Setting next_dagrun for daily_sales_etl_pipeline to 2026-01-08 06:00:00+00:00, run_after=2026-01-09 06:00:00+00:00
[2026-01-09T16:21:56.772+0000] {processor.py:183} INFO - Processing /opt/airflow/dags/example_etl_pipeline.py took 13.434 seconds
[2026-01-09T16:22:27.640+0000] {processor.py:161} INFO - Started process (PID=580) to work on /opt/airflow/dags/example_etl_pipeline.py
[2026-01-09T16:22:27.642+0000] {processor.py:830} INFO - Processing file /opt/airflow/dags/example_etl_pipeline.py for tasks to queue
[2026-01-09T16:22:27.643+0000] {logging_mixin.py:188} INFO - [2026-01-09T16:22:27.642+0000] {dagbag.py:538} INFO - Filling up the DagBag from /opt/airflow/dags/example_etl_pipeline.py
[2026-01-09T16:22:27.987+0000] {logging_mixin.py:188} WARNING - /home/airflow/.local/lib/python3.11/site-packages/airflow/models/baseoperator.py:437 RemovedInAirflow3Warning: provide_context is deprecated as of 2.0 and is no longer required
[2026-01-09T16:22:27.990+0000] {processor.py:840} INFO - DAG(s) 'daily_sales_etl_pipeline' retrieved from /opt/airflow/dags/example_etl_pipeline.py
[2026-01-09T16:22:28.013+0000] {logging_mixin.py:188} INFO - [2026-01-09T16:22:28.013+0000] {dag.py:3036} INFO - Sync 1 DAGs
[2026-01-09T16:22:28.021+0000] {logging_mixin.py:188} INFO - [2026-01-09T16:22:28.021+0000] {dag.py:3823} INFO - Setting next_dagrun for daily_sales_etl_pipeline to 2026-01-08 06:00:00+00:00, run_after=2026-01-09 06:00:00+00:00
[2026-01-09T16:22:28.027+0000] {processor.py:183} INFO - Processing /opt/airflow/dags/example_etl_pipeline.py took 0.392 seconds
[2026-01-09T16:22:58.173+0000] {processor.py:161} INFO - Started process (PID=617) to work on /opt/airflow/dags/example_etl_pipeline.py
[2026-01-09T16:22:58.174+0000] {processor.py:830} INFO - Processing file /opt/airflow/dags/example_etl_pipeline.py for tasks to queue
[2026-01-09T16:22:58.175+0000] {logging_mixin.py:188} INFO - [2026-01-09T16:22:58.174+0000] {dagbag.py:538} INFO - Filling up the DagBag from /opt/airflow/dags/example_etl_pipeline.py
[2026-01-09T16:22:58.450+0000] {logging_mixin.py:188} WARNING - /home/airflow/.local/lib/python3.11/site-packages/airflow/models/baseoperator.py:437 RemovedInAirflow3Warning: provide_context is deprecated as of 2.0 and is no longer required
[2026-01-09T16:22:58.452+0000] {processor.py:840} INFO - DAG(s) 'daily_sales_etl_pipeline' retrieved from /opt/airflow/dags/example_etl_pipeline.py
[2026-01-09T16:22:58.462+0000] {logging_mixin.py:188} INFO - [2026-01-09T16:22:58.462+0000] {dag.py:3036} INFO - Sync 1 DAGs
[2026-01-09T16:22:58.470+0000] {logging_mixin.py:188} INFO - [2026-01-09T16:22:58.469+0000] {dag.py:3823} INFO - Setting next_dagrun for daily_sales_etl_pipeline to 2026-01-08 06:00:00+00:00, run_after=2026-01-09 06:00:00+00:00
[2026-01-09T16:22:58.476+0000] {processor.py:183} INFO - Processing /opt/airflow/dags/example_etl_pipeline.py took 0.306 seconds
[2026-01-09T16:24:08.918+0000] {processor.py:161} INFO - Started process (PID=168) to work on /opt/airflow/dags/example_etl_pipeline.py
[2026-01-09T16:24:08.919+0000] {processor.py:830} INFO - Processing file /opt/airflow/dags/example_etl_pipeline.py for tasks to queue
[2026-01-09T16:24:08.919+0000] {logging_mixin.py:188} INFO - [2026-01-09T16:24:08.919+0000] {dagbag.py:538} INFO - Filling up the DagBag from /opt/airflow/dags/example_etl_pipeline.py
[2026-01-09T16:24:09.454+0000] {logging_mixin.py:188} WARNING - /home/airflow/.local/lib/python3.11/site-packages/airflow/models/baseoperator.py:437 RemovedInAirflow3Warning: provide_context is deprecated as of 2.0 and is no longer required
[2026-01-09T16:24:09.460+0000] {processor.py:840} INFO - DAG(s) 'daily_sales_etl_pipeline' retrieved from /opt/airflow/dags/example_etl_pipeline.py
[2026-01-09T16:24:09.468+0000] {logging_mixin.py:188} INFO - [2026-01-09T16:24:09.468+0000] {dag.py:3036} INFO - Sync 1 DAGs
[2026-01-09T16:24:09.478+0000] {logging_mixin.py:188} INFO - [2026-01-09T16:24:09.478+0000] {dag.py:3823} INFO - Setting next_dagrun for daily_sales_etl_pipeline to 2026-01-08 06:00:00+00:00, run_after=2026-01-09 06:00:00+00:00
[2026-01-09T16:24:09.485+0000] {processor.py:183} INFO - Processing /opt/airflow/dags/example_etl_pipeline.py took 0.571 seconds
[2026-01-09T16:24:42.909+0000] {processor.py:161} INFO - Started process (PID=166) to work on /opt/airflow/dags/example_etl_pipeline.py
[2026-01-09T16:24:42.909+0000] {processor.py:830} INFO - Processing file /opt/airflow/dags/example_etl_pipeline.py for tasks to queue
[2026-01-09T16:24:42.910+0000] {logging_mixin.py:188} INFO - [2026-01-09T16:24:42.910+0000] {dagbag.py:538} INFO - Filling up the DagBag from /opt/airflow/dags/example_etl_pipeline.py
[2026-01-09T16:24:43.630+0000] {logging_mixin.py:188} WARNING - /home/airflow/.local/lib/python3.11/site-packages/airflow/models/baseoperator.py:437 RemovedInAirflow3Warning: provide_context is deprecated as of 2.0 and is no longer required
[2026-01-09T16:24:43.634+0000] {processor.py:840} INFO - DAG(s) 'daily_sales_etl_pipeline' retrieved from /opt/airflow/dags/example_etl_pipeline.py
[2026-01-09T16:24:43.641+0000] {logging_mixin.py:188} INFO - [2026-01-09T16:24:43.640+0000] {dag.py:3036} INFO - Sync 1 DAGs
[2026-01-09T16:24:43.652+0000] {logging_mixin.py:188} INFO - [2026-01-09T16:24:43.652+0000] {dag.py:3823} INFO - Setting next_dagrun for daily_sales_etl_pipeline to 2026-01-08 06:00:00+00:00, run_after=2026-01-09 06:00:00+00:00
[2026-01-09T16:24:43.659+0000] {processor.py:183} INFO - Processing /opt/airflow/dags/example_etl_pipeline.py took 0.752 seconds
[2026-01-09T16:25:14.148+0000] {processor.py:161} INFO - Started process (PID=199) to work on /opt/airflow/dags/example_etl_pipeline.py
[2026-01-09T16:25:14.149+0000] {processor.py:830} INFO - Processing file /opt/airflow/dags/example_etl_pipeline.py for tasks to queue
[2026-01-09T16:25:14.150+0000] {logging_mixin.py:188} INFO - [2026-01-09T16:25:14.149+0000] {dagbag.py:538} INFO - Filling up the DagBag from /opt/airflow/dags/example_etl_pipeline.py
[2026-01-09T16:25:14.571+0000] {logging_mixin.py:188} WARNING - /home/airflow/.local/lib/python3.11/site-packages/airflow/models/baseoperator.py:437 RemovedInAirflow3Warning: provide_context is deprecated as of 2.0 and is no longer required
[2026-01-09T16:25:14.574+0000] {processor.py:840} INFO - DAG(s) 'daily_sales_etl_pipeline' retrieved from /opt/airflow/dags/example_etl_pipeline.py
[2026-01-09T16:25:14.612+0000] {logging_mixin.py:188} INFO - [2026-01-09T16:25:14.612+0000] {dag.py:3036} INFO - Sync 1 DAGs
[2026-01-09T16:25:14.619+0000] {logging_mixin.py:188} INFO - [2026-01-09T16:25:14.619+0000] {dag.py:3823} INFO - Setting next_dagrun for daily_sales_etl_pipeline to 2026-01-08 06:00:00+00:00, run_after=2026-01-09 06:00:00+00:00
[2026-01-09T16:25:14.627+0000] {processor.py:183} INFO - Processing /opt/airflow/dags/example_etl_pipeline.py took 0.483 seconds
[2026-01-09T16:25:44.953+0000] {processor.py:161} INFO - Started process (PID=238) to work on /opt/airflow/dags/example_etl_pipeline.py
[2026-01-09T16:25:44.953+0000] {processor.py:830} INFO - Processing file /opt/airflow/dags/example_etl_pipeline.py for tasks to queue
[2026-01-09T16:25:44.954+0000] {logging_mixin.py:188} INFO - [2026-01-09T16:25:44.953+0000] {dagbag.py:538} INFO - Filling up the DagBag from /opt/airflow/dags/example_etl_pipeline.py
[2026-01-09T16:25:45.296+0000] {logging_mixin.py:188} WARNING - /home/airflow/.local/lib/python3.11/site-packages/airflow/models/baseoperator.py:437 RemovedInAirflow3Warning: provide_context is deprecated as of 2.0 and is no longer required
[2026-01-09T16:25:45.299+0000] {processor.py:840} INFO - DAG(s) 'daily_sales_etl_pipeline' retrieved from /opt/airflow/dags/example_etl_pipeline.py
[2026-01-09T16:25:45.323+0000] {logging_mixin.py:188} INFO - [2026-01-09T16:25:45.323+0000] {dag.py:3036} INFO - Sync 1 DAGs
[2026-01-09T16:25:45.336+0000] {logging_mixin.py:188} INFO - [2026-01-09T16:25:45.336+0000] {dag.py:3823} INFO - Setting next_dagrun for daily_sales_etl_pipeline to 2026-01-08 06:00:00+00:00, run_after=2026-01-09 06:00:00+00:00
[2026-01-09T16:25:45.343+0000] {processor.py:183} INFO - Processing /opt/airflow/dags/example_etl_pipeline.py took 0.393 seconds
[2026-01-09T16:26:15.611+0000] {processor.py:161} INFO - Started process (PID=273) to work on /opt/airflow/dags/example_etl_pipeline.py
[2026-01-09T16:26:15.612+0000] {processor.py:830} INFO - Processing file /opt/airflow/dags/example_etl_pipeline.py for tasks to queue
[2026-01-09T16:26:15.612+0000] {logging_mixin.py:188} INFO - [2026-01-09T16:26:15.612+0000] {dagbag.py:538} INFO - Filling up the DagBag from /opt/airflow/dags/example_etl_pipeline.py
[2026-01-09T16:26:16.003+0000] {logging_mixin.py:188} WARNING - /home/airflow/.local/lib/python3.11/site-packages/airflow/models/baseoperator.py:437 RemovedInAirflow3Warning: provide_context is deprecated as of 2.0 and is no longer required
[2026-01-09T16:26:16.006+0000] {processor.py:840} INFO - DAG(s) 'daily_sales_etl_pipeline' retrieved from /opt/airflow/dags/example_etl_pipeline.py
[2026-01-09T16:26:16.017+0000] {logging_mixin.py:188} INFO - [2026-01-09T16:26:16.016+0000] {dag.py:3036} INFO - Sync 1 DAGs
[2026-01-09T16:26:16.024+0000] {logging_mixin.py:188} INFO - [2026-01-09T16:26:16.024+0000] {dag.py:3823} INFO - Setting next_dagrun for daily_sales_etl_pipeline to 2026-01-08 06:00:00+00:00, run_after=2026-01-09 06:00:00+00:00
[2026-01-09T16:26:16.033+0000] {processor.py:183} INFO - Processing /opt/airflow/dags/example_etl_pipeline.py took 0.423 seconds
[2026-01-09T16:26:46.286+0000] {processor.py:161} INFO - Started process (PID=304) to work on /opt/airflow/dags/example_etl_pipeline.py
[2026-01-09T16:26:46.287+0000] {processor.py:830} INFO - Processing file /opt/airflow/dags/example_etl_pipeline.py for tasks to queue
[2026-01-09T16:26:46.287+0000] {logging_mixin.py:188} INFO - [2026-01-09T16:26:46.287+0000] {dagbag.py:538} INFO - Filling up the DagBag from /opt/airflow/dags/example_etl_pipeline.py
[2026-01-09T16:26:46.569+0000] {logging_mixin.py:188} WARNING - /home/airflow/.local/lib/python3.11/site-packages/airflow/models/baseoperator.py:437 RemovedInAirflow3Warning: provide_context is deprecated as of 2.0 and is no longer required
[2026-01-09T16:26:46.572+0000] {processor.py:840} INFO - DAG(s) 'daily_sales_etl_pipeline' retrieved from /opt/airflow/dags/example_etl_pipeline.py
[2026-01-09T16:26:46.584+0000] {logging_mixin.py:188} INFO - [2026-01-09T16:26:46.583+0000] {dag.py:3036} INFO - Sync 1 DAGs
[2026-01-09T16:26:46.592+0000] {logging_mixin.py:188} INFO - [2026-01-09T16:26:46.592+0000] {dag.py:3823} INFO - Setting next_dagrun for daily_sales_etl_pipeline to 2026-01-08 06:00:00+00:00, run_after=2026-01-09 06:00:00+00:00
[2026-01-09T16:26:46.600+0000] {processor.py:183} INFO - Processing /opt/airflow/dags/example_etl_pipeline.py took 0.315 seconds
[2026-01-09T16:27:16.894+0000] {processor.py:161} INFO - Started process (PID=335) to work on /opt/airflow/dags/example_etl_pipeline.py
[2026-01-09T16:27:16.895+0000] {processor.py:830} INFO - Processing file /opt/airflow/dags/example_etl_pipeline.py for tasks to queue
[2026-01-09T16:27:16.896+0000] {logging_mixin.py:188} INFO - [2026-01-09T16:27:16.896+0000] {dagbag.py:538} INFO - Filling up the DagBag from /opt/airflow/dags/example_etl_pipeline.py
[2026-01-09T16:27:17.248+0000] {logging_mixin.py:188} WARNING - /home/airflow/.local/lib/python3.11/site-packages/airflow/models/baseoperator.py:437 RemovedInAirflow3Warning: provide_context is deprecated as of 2.0 and is no longer required
[2026-01-09T16:27:17.251+0000] {processor.py:840} INFO - DAG(s) 'daily_sales_etl_pipeline' retrieved from /opt/airflow/dags/example_etl_pipeline.py
[2026-01-09T16:27:17.262+0000] {logging_mixin.py:188} INFO - [2026-01-09T16:27:17.262+0000] {dag.py:3036} INFO - Sync 1 DAGs
[2026-01-09T16:27:17.270+0000] {logging_mixin.py:188} INFO - [2026-01-09T16:27:17.270+0000] {dag.py:3823} INFO - Setting next_dagrun for daily_sales_etl_pipeline to 2026-01-08 06:00:00+00:00, run_after=2026-01-09 06:00:00+00:00
[2026-01-09T16:27:17.278+0000] {processor.py:183} INFO - Processing /opt/airflow/dags/example_etl_pipeline.py took 0.387 seconds
[2026-01-09T16:27:47.539+0000] {processor.py:161} INFO - Started process (PID=366) to work on /opt/airflow/dags/example_etl_pipeline.py
[2026-01-09T16:27:47.540+0000] {processor.py:830} INFO - Processing file /opt/airflow/dags/example_etl_pipeline.py for tasks to queue
[2026-01-09T16:27:47.541+0000] {logging_mixin.py:188} INFO - [2026-01-09T16:27:47.540+0000] {dagbag.py:538} INFO - Filling up the DagBag from /opt/airflow/dags/example_etl_pipeline.py
[2026-01-09T16:27:47.863+0000] {logging_mixin.py:188} WARNING - /home/airflow/.local/lib/python3.11/site-packages/airflow/models/baseoperator.py:437 RemovedInAirflow3Warning: provide_context is deprecated as of 2.0 and is no longer required
[2026-01-09T16:27:47.866+0000] {processor.py:840} INFO - DAG(s) 'daily_sales_etl_pipeline' retrieved from /opt/airflow/dags/example_etl_pipeline.py
[2026-01-09T16:27:47.877+0000] {logging_mixin.py:188} INFO - [2026-01-09T16:27:47.876+0000] {dag.py:3036} INFO - Sync 1 DAGs
[2026-01-09T16:27:47.887+0000] {logging_mixin.py:188} INFO - [2026-01-09T16:27:47.887+0000] {dag.py:3823} INFO - Setting next_dagrun for daily_sales_etl_pipeline to 2026-01-08 06:00:00+00:00, run_after=2026-01-09 06:00:00+00:00
[2026-01-09T16:27:47.894+0000] {processor.py:183} INFO - Processing /opt/airflow/dags/example_etl_pipeline.py took 0.358 seconds
[2026-01-09T16:28:18.100+0000] {processor.py:161} INFO - Started process (PID=397) to work on /opt/airflow/dags/example_etl_pipeline.py
[2026-01-09T16:28:18.101+0000] {processor.py:830} INFO - Processing file /opt/airflow/dags/example_etl_pipeline.py for tasks to queue
[2026-01-09T16:28:18.102+0000] {logging_mixin.py:188} INFO - [2026-01-09T16:28:18.101+0000] {dagbag.py:538} INFO - Filling up the DagBag from /opt/airflow/dags/example_etl_pipeline.py
[2026-01-09T16:28:18.447+0000] {logging_mixin.py:188} WARNING - /home/airflow/.local/lib/python3.11/site-packages/airflow/models/baseoperator.py:437 RemovedInAirflow3Warning: provide_context is deprecated as of 2.0 and is no longer required
[2026-01-09T16:28:18.449+0000] {processor.py:840} INFO - DAG(s) 'daily_sales_etl_pipeline' retrieved from /opt/airflow/dags/example_etl_pipeline.py
[2026-01-09T16:28:18.460+0000] {logging_mixin.py:188} INFO - [2026-01-09T16:28:18.460+0000] {dag.py:3036} INFO - Sync 1 DAGs
[2026-01-09T16:28:18.469+0000] {logging_mixin.py:188} INFO - [2026-01-09T16:28:18.469+0000] {dag.py:3823} INFO - Setting next_dagrun for daily_sales_etl_pipeline to 2026-01-08 06:00:00+00:00, run_after=2026-01-09 06:00:00+00:00
[2026-01-09T16:28:18.477+0000] {processor.py:183} INFO - Processing /opt/airflow/dags/example_etl_pipeline.py took 0.379 seconds
[2026-01-09T16:28:48.846+0000] {processor.py:161} INFO - Started process (PID=428) to work on /opt/airflow/dags/example_etl_pipeline.py
[2026-01-09T16:28:48.846+0000] {processor.py:830} INFO - Processing file /opt/airflow/dags/example_etl_pipeline.py for tasks to queue
[2026-01-09T16:28:48.847+0000] {logging_mixin.py:188} INFO - [2026-01-09T16:28:48.847+0000] {dagbag.py:538} INFO - Filling up the DagBag from /opt/airflow/dags/example_etl_pipeline.py
[2026-01-09T16:28:49.185+0000] {logging_mixin.py:188} WARNING - /home/airflow/.local/lib/python3.11/site-packages/airflow/models/baseoperator.py:437 RemovedInAirflow3Warning: provide_context is deprecated as of 2.0 and is no longer required
[2026-01-09T16:28:49.187+0000] {processor.py:840} INFO - DAG(s) 'daily_sales_etl_pipeline' retrieved from /opt/airflow/dags/example_etl_pipeline.py
[2026-01-09T16:28:49.198+0000] {logging_mixin.py:188} INFO - [2026-01-09T16:28:49.198+0000] {dag.py:3036} INFO - Sync 1 DAGs
[2026-01-09T16:28:49.207+0000] {logging_mixin.py:188} INFO - [2026-01-09T16:28:49.207+0000] {dag.py:3823} INFO - Setting next_dagrun for daily_sales_etl_pipeline to 2026-01-08 06:00:00+00:00, run_after=2026-01-09 06:00:00+00:00
[2026-01-09T16:28:49.216+0000] {processor.py:183} INFO - Processing /opt/airflow/dags/example_etl_pipeline.py took 0.373 seconds
[2026-01-09T16:29:19.412+0000] {processor.py:161} INFO - Started process (PID=459) to work on /opt/airflow/dags/example_etl_pipeline.py
[2026-01-09T16:29:19.413+0000] {processor.py:830} INFO - Processing file /opt/airflow/dags/example_etl_pipeline.py for tasks to queue
[2026-01-09T16:29:19.414+0000] {logging_mixin.py:188} INFO - [2026-01-09T16:29:19.414+0000] {dagbag.py:538} INFO - Filling up the DagBag from /opt/airflow/dags/example_etl_pipeline.py
[2026-01-09T16:29:19.964+0000] {logging_mixin.py:188} WARNING - /home/airflow/.local/lib/python3.11/site-packages/airflow/models/baseoperator.py:437 RemovedInAirflow3Warning: provide_context is deprecated as of 2.0 and is no longer required
[2026-01-09T16:29:19.972+0000] {processor.py:840} INFO - DAG(s) 'daily_sales_etl_pipeline' retrieved from /opt/airflow/dags/example_etl_pipeline.py
[2026-01-09T16:29:20.005+0000] {logging_mixin.py:188} INFO - [2026-01-09T16:29:20.004+0000] {dag.py:3036} INFO - Sync 1 DAGs
[2026-01-09T16:29:20.013+0000] {logging_mixin.py:188} INFO - [2026-01-09T16:29:20.013+0000] {dag.py:3823} INFO - Setting next_dagrun for daily_sales_etl_pipeline to 2026-01-08 06:00:00+00:00, run_after=2026-01-09 06:00:00+00:00
[2026-01-09T16:29:20.025+0000] {processor.py:183} INFO - Processing /opt/airflow/dags/example_etl_pipeline.py took 0.620 seconds
[2026-01-09T16:29:50.349+0000] {processor.py:161} INFO - Started process (PID=490) to work on /opt/airflow/dags/example_etl_pipeline.py
[2026-01-09T16:29:50.350+0000] {processor.py:830} INFO - Processing file /opt/airflow/dags/example_etl_pipeline.py for tasks to queue
[2026-01-09T16:29:50.351+0000] {logging_mixin.py:188} INFO - [2026-01-09T16:29:50.350+0000] {dagbag.py:538} INFO - Filling up the DagBag from /opt/airflow/dags/example_etl_pipeline.py
[2026-01-09T16:29:50.683+0000] {logging_mixin.py:188} WARNING - /home/airflow/.local/lib/python3.11/site-packages/airflow/models/baseoperator.py:437 RemovedInAirflow3Warning: provide_context is deprecated as of 2.0 and is no longer required
[2026-01-09T16:29:50.687+0000] {processor.py:840} INFO - DAG(s) 'daily_sales_etl_pipeline' retrieved from /opt/airflow/dags/example_etl_pipeline.py
[2026-01-09T16:29:50.697+0000] {logging_mixin.py:188} INFO - [2026-01-09T16:29:50.697+0000] {dag.py:3036} INFO - Sync 1 DAGs
[2026-01-09T16:29:50.707+0000] {logging_mixin.py:188} INFO - [2026-01-09T16:29:50.707+0000] {dag.py:3823} INFO - Setting next_dagrun for daily_sales_etl_pipeline to 2026-01-08 06:00:00+00:00, run_after=2026-01-09 06:00:00+00:00
[2026-01-09T16:29:50.718+0000] {processor.py:183} INFO - Processing /opt/airflow/dags/example_etl_pipeline.py took 0.372 seconds
[2026-01-09T16:30:21.062+0000] {processor.py:161} INFO - Started process (PID=521) to work on /opt/airflow/dags/example_etl_pipeline.py
[2026-01-09T16:30:21.063+0000] {processor.py:830} INFO - Processing file /opt/airflow/dags/example_etl_pipeline.py for tasks to queue
[2026-01-09T16:30:21.065+0000] {logging_mixin.py:188} INFO - [2026-01-09T16:30:21.064+0000] {dagbag.py:538} INFO - Filling up the DagBag from /opt/airflow/dags/example_etl_pipeline.py
[2026-01-09T16:30:21.338+0000] {logging_mixin.py:188} WARNING - /home/airflow/.local/lib/python3.11/site-packages/airflow/models/baseoperator.py:437 RemovedInAirflow3Warning: provide_context is deprecated as of 2.0 and is no longer required
[2026-01-09T16:30:21.342+0000] {processor.py:840} INFO - DAG(s) 'daily_sales_etl_pipeline' retrieved from /opt/airflow/dags/example_etl_pipeline.py
[2026-01-09T16:30:21.354+0000] {logging_mixin.py:188} INFO - [2026-01-09T16:30:21.354+0000] {dag.py:3036} INFO - Sync 1 DAGs
[2026-01-09T16:30:21.368+0000] {logging_mixin.py:188} INFO - [2026-01-09T16:30:21.368+0000] {dag.py:3823} INFO - Setting next_dagrun for daily_sales_etl_pipeline to 2026-01-08 06:00:00+00:00, run_after=2026-01-09 06:00:00+00:00
[2026-01-09T16:30:21.378+0000] {processor.py:183} INFO - Processing /opt/airflow/dags/example_etl_pipeline.py took 0.318 seconds
[2026-01-09T16:30:51.746+0000] {processor.py:161} INFO - Started process (PID=552) to work on /opt/airflow/dags/example_etl_pipeline.py
[2026-01-09T16:30:51.747+0000] {processor.py:830} INFO - Processing file /opt/airflow/dags/example_etl_pipeline.py for tasks to queue
[2026-01-09T16:30:51.748+0000] {logging_mixin.py:188} INFO - [2026-01-09T16:30:51.748+0000] {dagbag.py:538} INFO - Filling up the DagBag from /opt/airflow/dags/example_etl_pipeline.py
[2026-01-09T16:30:51.922+0000] {logging_mixin.py:188} WARNING - /home/airflow/.local/lib/python3.11/site-packages/airflow/models/baseoperator.py:437 RemovedInAirflow3Warning: provide_context is deprecated as of 2.0 and is no longer required
[2026-01-09T16:30:51.926+0000] {processor.py:840} INFO - DAG(s) 'daily_sales_etl_pipeline' retrieved from /opt/airflow/dags/example_etl_pipeline.py
[2026-01-09T16:30:51.937+0000] {logging_mixin.py:188} INFO - [2026-01-09T16:30:51.937+0000] {dag.py:3036} INFO - Sync 1 DAGs
[2026-01-09T16:30:51.951+0000] {logging_mixin.py:188} INFO - [2026-01-09T16:30:51.951+0000] {dag.py:3823} INFO - Setting next_dagrun for daily_sales_etl_pipeline to 2026-01-08 06:00:00+00:00, run_after=2026-01-09 06:00:00+00:00
[2026-01-09T16:30:51.960+0000] {processor.py:183} INFO - Processing /opt/airflow/dags/example_etl_pipeline.py took 0.217 seconds
[2026-01-09T16:31:22.268+0000] {processor.py:161} INFO - Started process (PID=583) to work on /opt/airflow/dags/example_etl_pipeline.py
[2026-01-09T16:31:22.269+0000] {processor.py:830} INFO - Processing file /opt/airflow/dags/example_etl_pipeline.py for tasks to queue
[2026-01-09T16:31:22.270+0000] {logging_mixin.py:188} INFO - [2026-01-09T16:31:22.270+0000] {dagbag.py:538} INFO - Filling up the DagBag from /opt/airflow/dags/example_etl_pipeline.py
[2026-01-09T16:31:22.416+0000] {logging_mixin.py:188} WARNING - /home/airflow/.local/lib/python3.11/site-packages/airflow/models/baseoperator.py:437 RemovedInAirflow3Warning: provide_context is deprecated as of 2.0 and is no longer required
[2026-01-09T16:31:22.420+0000] {processor.py:840} INFO - DAG(s) 'daily_sales_etl_pipeline' retrieved from /opt/airflow/dags/example_etl_pipeline.py
[2026-01-09T16:31:22.434+0000] {logging_mixin.py:188} INFO - [2026-01-09T16:31:22.433+0000] {dag.py:3036} INFO - Sync 1 DAGs
[2026-01-09T16:31:22.443+0000] {logging_mixin.py:188} INFO - [2026-01-09T16:31:22.443+0000] {dag.py:3823} INFO - Setting next_dagrun for daily_sales_etl_pipeline to 2026-01-08 06:00:00+00:00, run_after=2026-01-09 06:00:00+00:00
[2026-01-09T16:31:22.451+0000] {processor.py:183} INFO - Processing /opt/airflow/dags/example_etl_pipeline.py took 0.186 seconds
[2026-01-09T16:31:52.803+0000] {processor.py:161} INFO - Started process (PID=614) to work on /opt/airflow/dags/example_etl_pipeline.py
[2026-01-09T16:31:52.804+0000] {processor.py:830} INFO - Processing file /opt/airflow/dags/example_etl_pipeline.py for tasks to queue
[2026-01-09T16:31:52.804+0000] {logging_mixin.py:188} INFO - [2026-01-09T16:31:52.804+0000] {dagbag.py:538} INFO - Filling up the DagBag from /opt/airflow/dags/example_etl_pipeline.py
[2026-01-09T16:31:53.014+0000] {logging_mixin.py:188} WARNING - /home/airflow/.local/lib/python3.11/site-packages/airflow/models/baseoperator.py:437 RemovedInAirflow3Warning: provide_context is deprecated as of 2.0 and is no longer required
[2026-01-09T16:31:53.018+0000] {processor.py:840} INFO - DAG(s) 'daily_sales_etl_pipeline' retrieved from /opt/airflow/dags/example_etl_pipeline.py
[2026-01-09T16:31:53.032+0000] {logging_mixin.py:188} INFO - [2026-01-09T16:31:53.031+0000] {dag.py:3036} INFO - Sync 1 DAGs
[2026-01-09T16:31:53.042+0000] {logging_mixin.py:188} INFO - [2026-01-09T16:31:53.041+0000] {dag.py:3823} INFO - Setting next_dagrun for daily_sales_etl_pipeline to 2026-01-08 06:00:00+00:00, run_after=2026-01-09 06:00:00+00:00
[2026-01-09T16:31:53.050+0000] {processor.py:183} INFO - Processing /opt/airflow/dags/example_etl_pipeline.py took 0.249 seconds
[2026-01-09T16:32:23.344+0000] {processor.py:161} INFO - Started process (PID=645) to work on /opt/airflow/dags/example_etl_pipeline.py
[2026-01-09T16:32:23.345+0000] {processor.py:830} INFO - Processing file /opt/airflow/dags/example_etl_pipeline.py for tasks to queue
[2026-01-09T16:32:23.345+0000] {logging_mixin.py:188} INFO - [2026-01-09T16:32:23.345+0000] {dagbag.py:538} INFO - Filling up the DagBag from /opt/airflow/dags/example_etl_pipeline.py
[2026-01-09T16:32:23.554+0000] {logging_mixin.py:188} WARNING - /home/airflow/.local/lib/python3.11/site-packages/airflow/models/baseoperator.py:437 RemovedInAirflow3Warning: provide_context is deprecated as of 2.0 and is no longer required
[2026-01-09T16:32:23.559+0000] {processor.py:840} INFO - DAG(s) 'daily_sales_etl_pipeline' retrieved from /opt/airflow/dags/example_etl_pipeline.py
[2026-01-09T16:32:23.570+0000] {logging_mixin.py:188} INFO - [2026-01-09T16:32:23.570+0000] {dag.py:3036} INFO - Sync 1 DAGs
[2026-01-09T16:32:23.580+0000] {logging_mixin.py:188} INFO - [2026-01-09T16:32:23.580+0000] {dag.py:3823} INFO - Setting next_dagrun for daily_sales_etl_pipeline to 2026-01-08 06:00:00+00:00, run_after=2026-01-09 06:00:00+00:00
[2026-01-09T16:32:23.590+0000] {processor.py:183} INFO - Processing /opt/airflow/dags/example_etl_pipeline.py took 0.248 seconds
[2026-01-09T16:32:53.902+0000] {processor.py:161} INFO - Started process (PID=676) to work on /opt/airflow/dags/example_etl_pipeline.py
[2026-01-09T16:32:53.903+0000] {processor.py:830} INFO - Processing file /opt/airflow/dags/example_etl_pipeline.py for tasks to queue
[2026-01-09T16:32:53.903+0000] {logging_mixin.py:188} INFO - [2026-01-09T16:32:53.903+0000] {dagbag.py:538} INFO - Filling up the DagBag from /opt/airflow/dags/example_etl_pipeline.py
[2026-01-09T16:32:54.079+0000] {logging_mixin.py:188} WARNING - /home/airflow/.local/lib/python3.11/site-packages/airflow/models/baseoperator.py:437 RemovedInAirflow3Warning: provide_context is deprecated as of 2.0 and is no longer required
[2026-01-09T16:32:54.083+0000] {processor.py:840} INFO - DAG(s) 'daily_sales_etl_pipeline' retrieved from /opt/airflow/dags/example_etl_pipeline.py
[2026-01-09T16:32:54.097+0000] {logging_mixin.py:188} INFO - [2026-01-09T16:32:54.097+0000] {dag.py:3036} INFO - Sync 1 DAGs
[2026-01-09T16:32:54.107+0000] {logging_mixin.py:188} INFO - [2026-01-09T16:32:54.107+0000] {dag.py:3823} INFO - Setting next_dagrun for daily_sales_etl_pipeline to 2026-01-08 06:00:00+00:00, run_after=2026-01-09 06:00:00+00:00
[2026-01-09T16:32:54.118+0000] {processor.py:183} INFO - Processing /opt/airflow/dags/example_etl_pipeline.py took 0.221 seconds
[2026-01-09T16:33:24.398+0000] {processor.py:161} INFO - Started process (PID=707) to work on /opt/airflow/dags/example_etl_pipeline.py
[2026-01-09T16:33:24.399+0000] {processor.py:830} INFO - Processing file /opt/airflow/dags/example_etl_pipeline.py for tasks to queue
[2026-01-09T16:33:24.399+0000] {logging_mixin.py:188} INFO - [2026-01-09T16:33:24.399+0000] {dagbag.py:538} INFO - Filling up the DagBag from /opt/airflow/dags/example_etl_pipeline.py
[2026-01-09T16:33:24.548+0000] {logging_mixin.py:188} WARNING - /home/airflow/.local/lib/python3.11/site-packages/airflow/models/baseoperator.py:437 RemovedInAirflow3Warning: provide_context is deprecated as of 2.0 and is no longer required
[2026-01-09T16:33:24.552+0000] {processor.py:840} INFO - DAG(s) 'daily_sales_etl_pipeline' retrieved from /opt/airflow/dags/example_etl_pipeline.py
[2026-01-09T16:33:24.566+0000] {logging_mixin.py:188} INFO - [2026-01-09T16:33:24.566+0000] {dag.py:3036} INFO - Sync 1 DAGs
[2026-01-09T16:33:24.580+0000] {logging_mixin.py:188} INFO - [2026-01-09T16:33:24.580+0000] {dag.py:3823} INFO - Setting next_dagrun for daily_sales_etl_pipeline to 2026-01-08 06:00:00+00:00, run_after=2026-01-09 06:00:00+00:00
[2026-01-09T16:33:24.587+0000] {processor.py:183} INFO - Processing /opt/airflow/dags/example_etl_pipeline.py took 0.191 seconds
[2026-01-09T16:33:54.958+0000] {processor.py:161} INFO - Started process (PID=738) to work on /opt/airflow/dags/example_etl_pipeline.py
[2026-01-09T16:33:54.959+0000] {processor.py:830} INFO - Processing file /opt/airflow/dags/example_etl_pipeline.py for tasks to queue
[2026-01-09T16:33:54.959+0000] {logging_mixin.py:188} INFO - [2026-01-09T16:33:54.959+0000] {dagbag.py:538} INFO - Filling up the DagBag from /opt/airflow/dags/example_etl_pipeline.py
[2026-01-09T16:33:55.154+0000] {logging_mixin.py:188} WARNING - /home/airflow/.local/lib/python3.11/site-packages/airflow/models/baseoperator.py:437 RemovedInAirflow3Warning: provide_context is deprecated as of 2.0 and is no longer required
[2026-01-09T16:33:55.161+0000] {processor.py:840} INFO - DAG(s) 'daily_sales_etl_pipeline' retrieved from /opt/airflow/dags/example_etl_pipeline.py
[2026-01-09T16:33:55.180+0000] {logging_mixin.py:188} INFO - [2026-01-09T16:33:55.179+0000] {dag.py:3036} INFO - Sync 1 DAGs
[2026-01-09T16:33:55.194+0000] {logging_mixin.py:188} INFO - [2026-01-09T16:33:55.194+0000] {dag.py:3823} INFO - Setting next_dagrun for daily_sales_etl_pipeline to 2026-01-08 06:00:00+00:00, run_after=2026-01-09 06:00:00+00:00
[2026-01-09T16:33:55.203+0000] {processor.py:183} INFO - Processing /opt/airflow/dags/example_etl_pipeline.py took 0.247 seconds
[2026-01-09T16:34:25.492+0000] {processor.py:161} INFO - Started process (PID=769) to work on /opt/airflow/dags/example_etl_pipeline.py
[2026-01-09T16:34:25.493+0000] {processor.py:830} INFO - Processing file /opt/airflow/dags/example_etl_pipeline.py for tasks to queue
[2026-01-09T16:34:25.494+0000] {logging_mixin.py:188} INFO - [2026-01-09T16:34:25.493+0000] {dagbag.py:538} INFO - Filling up the DagBag from /opt/airflow/dags/example_etl_pipeline.py
[2026-01-09T16:34:25.673+0000] {logging_mixin.py:188} WARNING - /home/airflow/.local/lib/python3.11/site-packages/airflow/models/baseoperator.py:437 RemovedInAirflow3Warning: provide_context is deprecated as of 2.0 and is no longer required
[2026-01-09T16:34:25.677+0000] {processor.py:840} INFO - DAG(s) 'daily_sales_etl_pipeline' retrieved from /opt/airflow/dags/example_etl_pipeline.py
[2026-01-09T16:34:25.693+0000] {logging_mixin.py:188} INFO - [2026-01-09T16:34:25.692+0000] {dag.py:3036} INFO - Sync 1 DAGs
[2026-01-09T16:34:25.708+0000] {logging_mixin.py:188} INFO - [2026-01-09T16:34:25.708+0000] {dag.py:3823} INFO - Setting next_dagrun for daily_sales_etl_pipeline to 2026-01-08 06:00:00+00:00, run_after=2026-01-09 06:00:00+00:00
[2026-01-09T16:34:25.717+0000] {processor.py:183} INFO - Processing /opt/airflow/dags/example_etl_pipeline.py took 0.228 seconds
[2026-01-09T16:34:56.050+0000] {processor.py:161} INFO - Started process (PID=800) to work on /opt/airflow/dags/example_etl_pipeline.py
[2026-01-09T16:34:56.051+0000] {processor.py:830} INFO - Processing file /opt/airflow/dags/example_etl_pipeline.py for tasks to queue
[2026-01-09T16:34:56.052+0000] {logging_mixin.py:188} INFO - [2026-01-09T16:34:56.051+0000] {dagbag.py:538} INFO - Filling up the DagBag from /opt/airflow/dags/example_etl_pipeline.py
[2026-01-09T16:34:56.206+0000] {logging_mixin.py:188} WARNING - /home/airflow/.local/lib/python3.11/site-packages/airflow/models/baseoperator.py:437 RemovedInAirflow3Warning: provide_context is deprecated as of 2.0 and is no longer required
[2026-01-09T16:34:56.211+0000] {processor.py:840} INFO - DAG(s) 'daily_sales_etl_pipeline' retrieved from /opt/airflow/dags/example_etl_pipeline.py
[2026-01-09T16:34:56.222+0000] {logging_mixin.py:188} INFO - [2026-01-09T16:34:56.222+0000] {dag.py:3036} INFO - Sync 1 DAGs
[2026-01-09T16:34:56.236+0000] {logging_mixin.py:188} INFO - [2026-01-09T16:34:56.235+0000] {dag.py:3823} INFO - Setting next_dagrun for daily_sales_etl_pipeline to 2026-01-08 06:00:00+00:00, run_after=2026-01-09 06:00:00+00:00
[2026-01-09T16:34:56.245+0000] {processor.py:183} INFO - Processing /opt/airflow/dags/example_etl_pipeline.py took 0.196 seconds
[2026-01-09T16:35:26.612+0000] {processor.py:161} INFO - Started process (PID=831) to work on /opt/airflow/dags/example_etl_pipeline.py
[2026-01-09T16:35:26.613+0000] {processor.py:830} INFO - Processing file /opt/airflow/dags/example_etl_pipeline.py for tasks to queue
[2026-01-09T16:35:26.614+0000] {logging_mixin.py:188} INFO - [2026-01-09T16:35:26.614+0000] {dagbag.py:538} INFO - Filling up the DagBag from /opt/airflow/dags/example_etl_pipeline.py
[2026-01-09T16:35:26.805+0000] {logging_mixin.py:188} WARNING - /home/airflow/.local/lib/python3.11/site-packages/airflow/models/baseoperator.py:437 RemovedInAirflow3Warning: provide_context is deprecated as of 2.0 and is no longer required
[2026-01-09T16:35:26.811+0000] {processor.py:840} INFO - DAG(s) 'daily_sales_etl_pipeline' retrieved from /opt/airflow/dags/example_etl_pipeline.py
[2026-01-09T16:35:26.826+0000] {logging_mixin.py:188} INFO - [2026-01-09T16:35:26.826+0000] {dag.py:3036} INFO - Sync 1 DAGs
[2026-01-09T16:35:26.839+0000] {logging_mixin.py:188} INFO - [2026-01-09T16:35:26.838+0000] {dag.py:3823} INFO - Setting next_dagrun for daily_sales_etl_pipeline to 2026-01-08 06:00:00+00:00, run_after=2026-01-09 06:00:00+00:00
[2026-01-09T16:35:26.852+0000] {processor.py:183} INFO - Processing /opt/airflow/dags/example_etl_pipeline.py took 0.243 seconds
[2026-01-09T16:35:57.246+0000] {processor.py:161} INFO - Started process (PID=862) to work on /opt/airflow/dags/example_etl_pipeline.py
[2026-01-09T16:35:57.246+0000] {processor.py:830} INFO - Processing file /opt/airflow/dags/example_etl_pipeline.py for tasks to queue
[2026-01-09T16:35:57.247+0000] {logging_mixin.py:188} INFO - [2026-01-09T16:35:57.246+0000] {dagbag.py:538} INFO - Filling up the DagBag from /opt/airflow/dags/example_etl_pipeline.py
[2026-01-09T16:35:57.447+0000] {logging_mixin.py:188} WARNING - /home/airflow/.local/lib/python3.11/site-packages/airflow/models/baseoperator.py:437 RemovedInAirflow3Warning: provide_context is deprecated as of 2.0 and is no longer required
[2026-01-09T16:35:57.451+0000] {processor.py:840} INFO - DAG(s) 'daily_sales_etl_pipeline' retrieved from /opt/airflow/dags/example_etl_pipeline.py
[2026-01-09T16:35:57.464+0000] {logging_mixin.py:188} INFO - [2026-01-09T16:35:57.464+0000] {dag.py:3036} INFO - Sync 1 DAGs
[2026-01-09T16:35:57.475+0000] {logging_mixin.py:188} INFO - [2026-01-09T16:35:57.475+0000] {dag.py:3823} INFO - Setting next_dagrun for daily_sales_etl_pipeline to 2026-01-08 06:00:00+00:00, run_after=2026-01-09 06:00:00+00:00
[2026-01-09T16:35:57.486+0000] {processor.py:183} INFO - Processing /opt/airflow/dags/example_etl_pipeline.py took 0.242 seconds
[2026-01-09T16:36:27.835+0000] {processor.py:161} INFO - Started process (PID=893) to work on /opt/airflow/dags/example_etl_pipeline.py
[2026-01-09T16:36:27.836+0000] {processor.py:830} INFO - Processing file /opt/airflow/dags/example_etl_pipeline.py for tasks to queue
[2026-01-09T16:36:27.837+0000] {logging_mixin.py:188} INFO - [2026-01-09T16:36:27.837+0000] {dagbag.py:538} INFO - Filling up the DagBag from /opt/airflow/dags/example_etl_pipeline.py
[2026-01-09T16:36:28.035+0000] {logging_mixin.py:188} WARNING - /home/airflow/.local/lib/python3.11/site-packages/airflow/models/baseoperator.py:437 RemovedInAirflow3Warning: provide_context is deprecated as of 2.0 and is no longer required
[2026-01-09T16:36:28.038+0000] {processor.py:840} INFO - DAG(s) 'daily_sales_etl_pipeline' retrieved from /opt/airflow/dags/example_etl_pipeline.py
[2026-01-09T16:36:28.051+0000] {logging_mixin.py:188} INFO - [2026-01-09T16:36:28.050+0000] {dag.py:3036} INFO - Sync 1 DAGs
[2026-01-09T16:36:28.061+0000] {logging_mixin.py:188} INFO - [2026-01-09T16:36:28.061+0000] {dag.py:3823} INFO - Setting next_dagrun for daily_sales_etl_pipeline to 2026-01-08 06:00:00+00:00, run_after=2026-01-09 06:00:00+00:00
[2026-01-09T16:36:28.071+0000] {processor.py:183} INFO - Processing /opt/airflow/dags/example_etl_pipeline.py took 0.238 seconds
[2026-01-09T16:36:58.442+0000] {processor.py:161} INFO - Started process (PID=924) to work on /opt/airflow/dags/example_etl_pipeline.py
[2026-01-09T16:36:58.444+0000] {processor.py:830} INFO - Processing file /opt/airflow/dags/example_etl_pipeline.py for tasks to queue
[2026-01-09T16:36:58.444+0000] {logging_mixin.py:188} INFO - [2026-01-09T16:36:58.444+0000] {dagbag.py:538} INFO - Filling up the DagBag from /opt/airflow/dags/example_etl_pipeline.py
[2026-01-09T16:36:58.627+0000] {logging_mixin.py:188} WARNING - /home/airflow/.local/lib/python3.11/site-packages/airflow/models/baseoperator.py:437 RemovedInAirflow3Warning: provide_context is deprecated as of 2.0 and is no longer required
[2026-01-09T16:36:58.630+0000] {processor.py:840} INFO - DAG(s) 'daily_sales_etl_pipeline' retrieved from /opt/airflow/dags/example_etl_pipeline.py
[2026-01-09T16:36:58.644+0000] {logging_mixin.py:188} INFO - [2026-01-09T16:36:58.644+0000] {dag.py:3036} INFO - Sync 1 DAGs
[2026-01-09T16:36:58.657+0000] {logging_mixin.py:188} INFO - [2026-01-09T16:36:58.657+0000] {dag.py:3823} INFO - Setting next_dagrun for daily_sales_etl_pipeline to 2026-01-08 06:00:00+00:00, run_after=2026-01-09 06:00:00+00:00
[2026-01-09T16:36:58.665+0000] {processor.py:183} INFO - Processing /opt/airflow/dags/example_etl_pipeline.py took 0.225 seconds
[2026-01-09T16:37:29.021+0000] {processor.py:161} INFO - Started process (PID=955) to work on /opt/airflow/dags/example_etl_pipeline.py
[2026-01-09T16:37:29.022+0000] {processor.py:830} INFO - Processing file /opt/airflow/dags/example_etl_pipeline.py for tasks to queue
[2026-01-09T16:37:29.023+0000] {logging_mixin.py:188} INFO - [2026-01-09T16:37:29.022+0000] {dagbag.py:538} INFO - Filling up the DagBag from /opt/airflow/dags/example_etl_pipeline.py
[2026-01-09T16:37:29.211+0000] {logging_mixin.py:188} WARNING - /home/airflow/.local/lib/python3.11/site-packages/airflow/models/baseoperator.py:437 RemovedInAirflow3Warning: provide_context is deprecated as of 2.0 and is no longer required
[2026-01-09T16:37:29.214+0000] {processor.py:840} INFO - DAG(s) 'daily_sales_etl_pipeline' retrieved from /opt/airflow/dags/example_etl_pipeline.py
[2026-01-09T16:37:29.233+0000] {logging_mixin.py:188} INFO - [2026-01-09T16:37:29.233+0000] {dag.py:3036} INFO - Sync 1 DAGs
[2026-01-09T16:37:29.243+0000] {logging_mixin.py:188} INFO - [2026-01-09T16:37:29.243+0000] {dag.py:3823} INFO - Setting next_dagrun for daily_sales_etl_pipeline to 2026-01-08 06:00:00+00:00, run_after=2026-01-09 06:00:00+00:00
[2026-01-09T16:37:29.251+0000] {processor.py:183} INFO - Processing /opt/airflow/dags/example_etl_pipeline.py took 0.232 seconds
[2026-01-09T16:37:59.655+0000] {processor.py:161} INFO - Started process (PID=986) to work on /opt/airflow/dags/example_etl_pipeline.py
[2026-01-09T16:37:59.656+0000] {processor.py:830} INFO - Processing file /opt/airflow/dags/example_etl_pipeline.py for tasks to queue
[2026-01-09T16:37:59.656+0000] {logging_mixin.py:188} INFO - [2026-01-09T16:37:59.656+0000] {dagbag.py:538} INFO - Filling up the DagBag from /opt/airflow/dags/example_etl_pipeline.py
[2026-01-09T16:37:59.844+0000] {logging_mixin.py:188} WARNING - /home/airflow/.local/lib/python3.11/site-packages/airflow/models/baseoperator.py:437 RemovedInAirflow3Warning: provide_context is deprecated as of 2.0 and is no longer required
[2026-01-09T16:37:59.849+0000] {processor.py:840} INFO - DAG(s) 'daily_sales_etl_pipeline' retrieved from /opt/airflow/dags/example_etl_pipeline.py
[2026-01-09T16:37:59.860+0000] {logging_mixin.py:188} INFO - [2026-01-09T16:37:59.860+0000] {dag.py:3036} INFO - Sync 1 DAGs
[2026-01-09T16:37:59.870+0000] {logging_mixin.py:188} INFO - [2026-01-09T16:37:59.870+0000] {dag.py:3823} INFO - Setting next_dagrun for daily_sales_etl_pipeline to 2026-01-08 06:00:00+00:00, run_after=2026-01-09 06:00:00+00:00
[2026-01-09T16:37:59.878+0000] {processor.py:183} INFO - Processing /opt/airflow/dags/example_etl_pipeline.py took 0.225 seconds
[2026-01-09T16:38:30.247+0000] {processor.py:161} INFO - Started process (PID=1017) to work on /opt/airflow/dags/example_etl_pipeline.py
[2026-01-09T16:38:30.247+0000] {processor.py:830} INFO - Processing file /opt/airflow/dags/example_etl_pipeline.py for tasks to queue
[2026-01-09T16:38:30.248+0000] {logging_mixin.py:188} INFO - [2026-01-09T16:38:30.248+0000] {dagbag.py:538} INFO - Filling up the DagBag from /opt/airflow/dags/example_etl_pipeline.py
[2026-01-09T16:38:30.437+0000] {logging_mixin.py:188} WARNING - /home/airflow/.local/lib/python3.11/site-packages/airflow/models/baseoperator.py:437 RemovedInAirflow3Warning: provide_context is deprecated as of 2.0 and is no longer required
[2026-01-09T16:38:30.446+0000] {processor.py:840} INFO - DAG(s) 'daily_sales_etl_pipeline' retrieved from /opt/airflow/dags/example_etl_pipeline.py
[2026-01-09T16:38:30.458+0000] {logging_mixin.py:188} INFO - [2026-01-09T16:38:30.458+0000] {dag.py:3036} INFO - Sync 1 DAGs
[2026-01-09T16:38:30.470+0000] {logging_mixin.py:188} INFO - [2026-01-09T16:38:30.470+0000] {dag.py:3823} INFO - Setting next_dagrun for daily_sales_etl_pipeline to 2026-01-08 06:00:00+00:00, run_after=2026-01-09 06:00:00+00:00
[2026-01-09T16:38:30.479+0000] {processor.py:183} INFO - Processing /opt/airflow/dags/example_etl_pipeline.py took 0.234 seconds
[2026-01-09T16:39:00.897+0000] {processor.py:161} INFO - Started process (PID=1048) to work on /opt/airflow/dags/example_etl_pipeline.py
[2026-01-09T16:39:00.898+0000] {processor.py:830} INFO - Processing file /opt/airflow/dags/example_etl_pipeline.py for tasks to queue
[2026-01-09T16:39:00.899+0000] {logging_mixin.py:188} INFO - [2026-01-09T16:39:00.899+0000] {dagbag.py:538} INFO - Filling up the DagBag from /opt/airflow/dags/example_etl_pipeline.py
[2026-01-09T16:39:01.105+0000] {logging_mixin.py:188} WARNING - /home/airflow/.local/lib/python3.11/site-packages/airflow/models/baseoperator.py:437 RemovedInAirflow3Warning: provide_context is deprecated as of 2.0 and is no longer required
[2026-01-09T16:39:01.108+0000] {processor.py:840} INFO - DAG(s) 'daily_sales_etl_pipeline' retrieved from /opt/airflow/dags/example_etl_pipeline.py
[2026-01-09T16:39:01.240+0000] {logging_mixin.py:188} INFO - [2026-01-09T16:39:01.239+0000] {dag.py:3036} INFO - Sync 1 DAGs
[2026-01-09T16:39:01.248+0000] {logging_mixin.py:188} INFO - [2026-01-09T16:39:01.248+0000] {dag.py:3823} INFO - Setting next_dagrun for daily_sales_etl_pipeline to 2026-01-08 06:00:00+00:00, run_after=2026-01-09 06:00:00+00:00
[2026-01-09T16:39:01.257+0000] {processor.py:183} INFO - Processing /opt/airflow/dags/example_etl_pipeline.py took 0.363 seconds
[2026-01-09T16:39:31.542+0000] {processor.py:161} INFO - Started process (PID=1079) to work on /opt/airflow/dags/example_etl_pipeline.py
[2026-01-09T16:39:31.543+0000] {processor.py:830} INFO - Processing file /opt/airflow/dags/example_etl_pipeline.py for tasks to queue
[2026-01-09T16:39:31.544+0000] {logging_mixin.py:188} INFO - [2026-01-09T16:39:31.544+0000] {dagbag.py:538} INFO - Filling up the DagBag from /opt/airflow/dags/example_etl_pipeline.py
[2026-01-09T16:39:31.912+0000] {logging_mixin.py:188} WARNING - /home/airflow/.local/lib/python3.11/site-packages/airflow/models/baseoperator.py:437 RemovedInAirflow3Warning: provide_context is deprecated as of 2.0 and is no longer required
[2026-01-09T16:39:31.915+0000] {processor.py:840} INFO - DAG(s) 'daily_sales_etl_pipeline' retrieved from /opt/airflow/dags/example_etl_pipeline.py
[2026-01-09T16:39:31.929+0000] {logging_mixin.py:188} INFO - [2026-01-09T16:39:31.928+0000] {dag.py:3036} INFO - Sync 1 DAGs
[2026-01-09T16:39:31.936+0000] {logging_mixin.py:188} INFO - [2026-01-09T16:39:31.936+0000] {dag.py:3823} INFO - Setting next_dagrun for daily_sales_etl_pipeline to 2026-01-08 06:00:00+00:00, run_after=2026-01-09 06:00:00+00:00
[2026-01-09T16:39:31.944+0000] {processor.py:183} INFO - Processing /opt/airflow/dags/example_etl_pipeline.py took 0.406 seconds
[2026-01-09T16:40:02.164+0000] {processor.py:161} INFO - Started process (PID=1110) to work on /opt/airflow/dags/example_etl_pipeline.py
[2026-01-09T16:40:02.165+0000] {processor.py:830} INFO - Processing file /opt/airflow/dags/example_etl_pipeline.py for tasks to queue
[2026-01-09T16:40:02.165+0000] {logging_mixin.py:188} INFO - [2026-01-09T16:40:02.165+0000] {dagbag.py:538} INFO - Filling up the DagBag from /opt/airflow/dags/example_etl_pipeline.py
[2026-01-09T16:40:02.495+0000] {logging_mixin.py:188} WARNING - /home/airflow/.local/lib/python3.11/site-packages/airflow/models/baseoperator.py:437 RemovedInAirflow3Warning: provide_context is deprecated as of 2.0 and is no longer required
[2026-01-09T16:40:02.498+0000] {processor.py:840} INFO - DAG(s) 'daily_sales_etl_pipeline' retrieved from /opt/airflow/dags/example_etl_pipeline.py
[2026-01-09T16:40:02.511+0000] {logging_mixin.py:188} INFO - [2026-01-09T16:40:02.511+0000] {dag.py:3036} INFO - Sync 1 DAGs
[2026-01-09T16:40:02.518+0000] {logging_mixin.py:188} INFO - [2026-01-09T16:40:02.518+0000] {dag.py:3823} INFO - Setting next_dagrun for daily_sales_etl_pipeline to 2026-01-08 06:00:00+00:00, run_after=2026-01-09 06:00:00+00:00
[2026-01-09T16:40:02.526+0000] {processor.py:183} INFO - Processing /opt/airflow/dags/example_etl_pipeline.py took 0.364 seconds
[2026-01-09T16:40:32.764+0000] {processor.py:161} INFO - Started process (PID=1141) to work on /opt/airflow/dags/example_etl_pipeline.py
[2026-01-09T16:40:32.764+0000] {processor.py:830} INFO - Processing file /opt/airflow/dags/example_etl_pipeline.py for tasks to queue
[2026-01-09T16:40:32.765+0000] {logging_mixin.py:188} INFO - [2026-01-09T16:40:32.765+0000] {dagbag.py:538} INFO - Filling up the DagBag from /opt/airflow/dags/example_etl_pipeline.py
[2026-01-09T16:40:33.106+0000] {logging_mixin.py:188} WARNING - /home/airflow/.local/lib/python3.11/site-packages/airflow/models/baseoperator.py:437 RemovedInAirflow3Warning: provide_context is deprecated as of 2.0 and is no longer required
[2026-01-09T16:40:33.108+0000] {processor.py:840} INFO - DAG(s) 'daily_sales_etl_pipeline' retrieved from /opt/airflow/dags/example_etl_pipeline.py
[2026-01-09T16:40:33.122+0000] {logging_mixin.py:188} INFO - [2026-01-09T16:40:33.122+0000] {dag.py:3036} INFO - Sync 1 DAGs
[2026-01-09T16:40:33.131+0000] {logging_mixin.py:188} INFO - [2026-01-09T16:40:33.131+0000] {dag.py:3823} INFO - Setting next_dagrun for daily_sales_etl_pipeline to 2026-01-08 06:00:00+00:00, run_after=2026-01-09 06:00:00+00:00
[2026-01-09T16:40:33.138+0000] {processor.py:183} INFO - Processing /opt/airflow/dags/example_etl_pipeline.py took 0.377 seconds
[2026-01-09T16:41:03.308+0000] {processor.py:161} INFO - Started process (PID=1172) to work on /opt/airflow/dags/example_etl_pipeline.py
[2026-01-09T16:41:03.309+0000] {processor.py:830} INFO - Processing file /opt/airflow/dags/example_etl_pipeline.py for tasks to queue
[2026-01-09T16:41:03.309+0000] {logging_mixin.py:188} INFO - [2026-01-09T16:41:03.309+0000] {dagbag.py:538} INFO - Filling up the DagBag from /opt/airflow/dags/example_etl_pipeline.py
[2026-01-09T16:41:03.615+0000] {logging_mixin.py:188} WARNING - /home/airflow/.local/lib/python3.11/site-packages/airflow/models/baseoperator.py:437 RemovedInAirflow3Warning: provide_context is deprecated as of 2.0 and is no longer required
[2026-01-09T16:41:03.618+0000] {processor.py:840} INFO - DAG(s) 'daily_sales_etl_pipeline' retrieved from /opt/airflow/dags/example_etl_pipeline.py
[2026-01-09T16:41:03.630+0000] {logging_mixin.py:188} INFO - [2026-01-09T16:41:03.630+0000] {dag.py:3036} INFO - Sync 1 DAGs
[2026-01-09T16:41:03.638+0000] {logging_mixin.py:188} INFO - [2026-01-09T16:41:03.638+0000] {dag.py:3823} INFO - Setting next_dagrun for daily_sales_etl_pipeline to 2026-01-08 06:00:00+00:00, run_after=2026-01-09 06:00:00+00:00
[2026-01-09T16:41:03.645+0000] {processor.py:183} INFO - Processing /opt/airflow/dags/example_etl_pipeline.py took 0.338 seconds
[2026-01-09T16:41:33.909+0000] {processor.py:161} INFO - Started process (PID=1203) to work on /opt/airflow/dags/example_etl_pipeline.py
[2026-01-09T16:41:33.910+0000] {processor.py:830} INFO - Processing file /opt/airflow/dags/example_etl_pipeline.py for tasks to queue
[2026-01-09T16:41:33.910+0000] {logging_mixin.py:188} INFO - [2026-01-09T16:41:33.910+0000] {dagbag.py:538} INFO - Filling up the DagBag from /opt/airflow/dags/example_etl_pipeline.py
[2026-01-09T16:41:34.191+0000] {logging_mixin.py:188} WARNING - /home/airflow/.local/lib/python3.11/site-packages/airflow/models/baseoperator.py:437 RemovedInAirflow3Warning: provide_context is deprecated as of 2.0 and is no longer required
[2026-01-09T16:41:34.193+0000] {processor.py:840} INFO - DAG(s) 'daily_sales_etl_pipeline' retrieved from /opt/airflow/dags/example_etl_pipeline.py
[2026-01-09T16:41:34.203+0000] {logging_mixin.py:188} INFO - [2026-01-09T16:41:34.203+0000] {dag.py:3036} INFO - Sync 1 DAGs
[2026-01-09T16:41:34.213+0000] {logging_mixin.py:188} INFO - [2026-01-09T16:41:34.213+0000] {dag.py:3823} INFO - Setting next_dagrun for daily_sales_etl_pipeline to 2026-01-08 06:00:00+00:00, run_after=2026-01-09 06:00:00+00:00
[2026-01-09T16:41:34.220+0000] {processor.py:183} INFO - Processing /opt/airflow/dags/example_etl_pipeline.py took 0.317 seconds
[2026-01-09T16:42:04.554+0000] {processor.py:161} INFO - Started process (PID=1234) to work on /opt/airflow/dags/example_etl_pipeline.py
[2026-01-09T16:42:04.555+0000] {processor.py:830} INFO - Processing file /opt/airflow/dags/example_etl_pipeline.py for tasks to queue
[2026-01-09T16:42:04.556+0000] {logging_mixin.py:188} INFO - [2026-01-09T16:42:04.556+0000] {dagbag.py:538} INFO - Filling up the DagBag from /opt/airflow/dags/example_etl_pipeline.py
[2026-01-09T16:42:04.831+0000] {logging_mixin.py:188} WARNING - /home/airflow/.local/lib/python3.11/site-packages/airflow/models/baseoperator.py:437 RemovedInAirflow3Warning: provide_context is deprecated as of 2.0 and is no longer required
[2026-01-09T16:42:04.834+0000] {processor.py:840} INFO - DAG(s) 'daily_sales_etl_pipeline' retrieved from /opt/airflow/dags/example_etl_pipeline.py
[2026-01-09T16:42:04.846+0000] {logging_mixin.py:188} INFO - [2026-01-09T16:42:04.845+0000] {dag.py:3036} INFO - Sync 1 DAGs
[2026-01-09T16:42:04.853+0000] {logging_mixin.py:188} INFO - [2026-01-09T16:42:04.853+0000] {dag.py:3823} INFO - Setting next_dagrun for daily_sales_etl_pipeline to 2026-01-08 06:00:00+00:00, run_after=2026-01-09 06:00:00+00:00
[2026-01-09T16:42:04.861+0000] {processor.py:183} INFO - Processing /opt/airflow/dags/example_etl_pipeline.py took 0.310 seconds
[2026-01-09T16:42:35.100+0000] {processor.py:161} INFO - Started process (PID=1265) to work on /opt/airflow/dags/example_etl_pipeline.py
[2026-01-09T16:42:35.102+0000] {processor.py:830} INFO - Processing file /opt/airflow/dags/example_etl_pipeline.py for tasks to queue
[2026-01-09T16:42:35.103+0000] {logging_mixin.py:188} INFO - [2026-01-09T16:42:35.103+0000] {dagbag.py:538} INFO - Filling up the DagBag from /opt/airflow/dags/example_etl_pipeline.py
[2026-01-09T16:42:35.425+0000] {logging_mixin.py:188} WARNING - /home/airflow/.local/lib/python3.11/site-packages/airflow/models/baseoperator.py:437 RemovedInAirflow3Warning: provide_context is deprecated as of 2.0 and is no longer required
[2026-01-09T16:42:35.428+0000] {processor.py:840} INFO - DAG(s) 'daily_sales_etl_pipeline' retrieved from /opt/airflow/dags/example_etl_pipeline.py
[2026-01-09T16:42:35.438+0000] {logging_mixin.py:188} INFO - [2026-01-09T16:42:35.438+0000] {dag.py:3036} INFO - Sync 1 DAGs
[2026-01-09T16:42:35.446+0000] {logging_mixin.py:188} INFO - [2026-01-09T16:42:35.446+0000] {dag.py:3823} INFO - Setting next_dagrun for daily_sales_etl_pipeline to 2026-01-08 06:00:00+00:00, run_after=2026-01-09 06:00:00+00:00
[2026-01-09T16:42:35.453+0000] {processor.py:183} INFO - Processing /opt/airflow/dags/example_etl_pipeline.py took 0.355 seconds
[2026-01-09T16:43:05.663+0000] {processor.py:161} INFO - Started process (PID=1296) to work on /opt/airflow/dags/example_etl_pipeline.py
[2026-01-09T16:43:05.665+0000] {processor.py:830} INFO - Processing file /opt/airflow/dags/example_etl_pipeline.py for tasks to queue
[2026-01-09T16:43:05.665+0000] {logging_mixin.py:188} INFO - [2026-01-09T16:43:05.665+0000] {dagbag.py:538} INFO - Filling up the DagBag from /opt/airflow/dags/example_etl_pipeline.py
[2026-01-09T16:43:05.940+0000] {logging_mixin.py:188} WARNING - /home/airflow/.local/lib/python3.11/site-packages/airflow/models/baseoperator.py:437 RemovedInAirflow3Warning: provide_context is deprecated as of 2.0 and is no longer required
[2026-01-09T16:43:05.943+0000] {processor.py:840} INFO - DAG(s) 'daily_sales_etl_pipeline' retrieved from /opt/airflow/dags/example_etl_pipeline.py
[2026-01-09T16:43:05.954+0000] {logging_mixin.py:188} INFO - [2026-01-09T16:43:05.954+0000] {dag.py:3036} INFO - Sync 1 DAGs
[2026-01-09T16:43:05.964+0000] {logging_mixin.py:188} INFO - [2026-01-09T16:43:05.963+0000] {dag.py:3823} INFO - Setting next_dagrun for daily_sales_etl_pipeline to 2026-01-08 06:00:00+00:00, run_after=2026-01-09 06:00:00+00:00
[2026-01-09T16:43:05.971+0000] {processor.py:183} INFO - Processing /opt/airflow/dags/example_etl_pipeline.py took 0.311 seconds
[2026-01-09T16:43:36.345+0000] {processor.py:161} INFO - Started process (PID=1327) to work on /opt/airflow/dags/example_etl_pipeline.py
[2026-01-09T16:43:36.345+0000] {processor.py:830} INFO - Processing file /opt/airflow/dags/example_etl_pipeline.py for tasks to queue
[2026-01-09T16:43:36.346+0000] {logging_mixin.py:188} INFO - [2026-01-09T16:43:36.346+0000] {dagbag.py:538} INFO - Filling up the DagBag from /opt/airflow/dags/example_etl_pipeline.py
[2026-01-09T16:43:36.743+0000] {logging_mixin.py:188} WARNING - /home/airflow/.local/lib/python3.11/site-packages/airflow/models/baseoperator.py:437 RemovedInAirflow3Warning: provide_context is deprecated as of 2.0 and is no longer required
[2026-01-09T16:43:36.746+0000] {processor.py:840} INFO - DAG(s) 'daily_sales_etl_pipeline' retrieved from /opt/airflow/dags/example_etl_pipeline.py
[2026-01-09T16:43:36.756+0000] {logging_mixin.py:188} INFO - [2026-01-09T16:43:36.756+0000] {dag.py:3036} INFO - Sync 1 DAGs
[2026-01-09T16:43:36.765+0000] {logging_mixin.py:188} INFO - [2026-01-09T16:43:36.764+0000] {dag.py:3823} INFO - Setting next_dagrun for daily_sales_etl_pipeline to 2026-01-08 06:00:00+00:00, run_after=2026-01-09 06:00:00+00:00
[2026-01-09T16:43:36.773+0000] {processor.py:183} INFO - Processing /opt/airflow/dags/example_etl_pipeline.py took 0.431 seconds
[2026-01-09T16:44:07.084+0000] {processor.py:161} INFO - Started process (PID=1358) to work on /opt/airflow/dags/example_etl_pipeline.py
[2026-01-09T16:44:07.084+0000] {processor.py:830} INFO - Processing file /opt/airflow/dags/example_etl_pipeline.py for tasks to queue
[2026-01-09T16:44:07.085+0000] {logging_mixin.py:188} INFO - [2026-01-09T16:44:07.085+0000] {dagbag.py:538} INFO - Filling up the DagBag from /opt/airflow/dags/example_etl_pipeline.py
[2026-01-09T16:44:07.338+0000] {logging_mixin.py:188} WARNING - /home/airflow/.local/lib/python3.11/site-packages/airflow/models/baseoperator.py:437 RemovedInAirflow3Warning: provide_context is deprecated as of 2.0 and is no longer required
[2026-01-09T16:44:07.340+0000] {processor.py:840} INFO - DAG(s) 'daily_sales_etl_pipeline' retrieved from /opt/airflow/dags/example_etl_pipeline.py
[2026-01-09T16:44:07.349+0000] {logging_mixin.py:188} INFO - [2026-01-09T16:44:07.349+0000] {dag.py:3036} INFO - Sync 1 DAGs
[2026-01-09T16:44:07.358+0000] {logging_mixin.py:188} INFO - [2026-01-09T16:44:07.357+0000] {dag.py:3823} INFO - Setting next_dagrun for daily_sales_etl_pipeline to 2026-01-08 06:00:00+00:00, run_after=2026-01-09 06:00:00+00:00
[2026-01-09T16:44:07.364+0000] {processor.py:183} INFO - Processing /opt/airflow/dags/example_etl_pipeline.py took 0.283 seconds
[2026-01-09T16:44:37.610+0000] {processor.py:161} INFO - Started process (PID=1389) to work on /opt/airflow/dags/example_etl_pipeline.py
[2026-01-09T16:44:37.611+0000] {processor.py:830} INFO - Processing file /opt/airflow/dags/example_etl_pipeline.py for tasks to queue
[2026-01-09T16:44:37.611+0000] {logging_mixin.py:188} INFO - [2026-01-09T16:44:37.611+0000] {dagbag.py:538} INFO - Filling up the DagBag from /opt/airflow/dags/example_etl_pipeline.py
[2026-01-09T16:44:37.955+0000] {logging_mixin.py:188} WARNING - /home/airflow/.local/lib/python3.11/site-packages/airflow/models/baseoperator.py:437 RemovedInAirflow3Warning: provide_context is deprecated as of 2.0 and is no longer required
[2026-01-09T16:44:37.957+0000] {processor.py:840} INFO - DAG(s) 'daily_sales_etl_pipeline' retrieved from /opt/airflow/dags/example_etl_pipeline.py
[2026-01-09T16:44:37.970+0000] {logging_mixin.py:188} INFO - [2026-01-09T16:44:37.970+0000] {dag.py:3036} INFO - Sync 1 DAGs
[2026-01-09T16:44:37.979+0000] {logging_mixin.py:188} INFO - [2026-01-09T16:44:37.978+0000] {dag.py:3823} INFO - Setting next_dagrun for daily_sales_etl_pipeline to 2026-01-08 06:00:00+00:00, run_after=2026-01-09 06:00:00+00:00
[2026-01-09T16:44:37.986+0000] {processor.py:183} INFO - Processing /opt/airflow/dags/example_etl_pipeline.py took 0.378 seconds
[2026-01-09T16:45:08.175+0000] {processor.py:161} INFO - Started process (PID=1420) to work on /opt/airflow/dags/example_etl_pipeline.py
[2026-01-09T16:45:08.177+0000] {processor.py:830} INFO - Processing file /opt/airflow/dags/example_etl_pipeline.py for tasks to queue
[2026-01-09T16:45:08.179+0000] {logging_mixin.py:188} INFO - [2026-01-09T16:45:08.178+0000] {dagbag.py:538} INFO - Filling up the DagBag from /opt/airflow/dags/example_etl_pipeline.py
[2026-01-09T16:45:08.511+0000] {logging_mixin.py:188} WARNING - /home/airflow/.local/lib/python3.11/site-packages/airflow/models/baseoperator.py:437 RemovedInAirflow3Warning: provide_context is deprecated as of 2.0 and is no longer required
[2026-01-09T16:45:08.515+0000] {processor.py:840} INFO - DAG(s) 'daily_sales_etl_pipeline' retrieved from /opt/airflow/dags/example_etl_pipeline.py
[2026-01-09T16:45:08.528+0000] {logging_mixin.py:188} INFO - [2026-01-09T16:45:08.527+0000] {dag.py:3036} INFO - Sync 1 DAGs
[2026-01-09T16:45:08.535+0000] {logging_mixin.py:188} INFO - [2026-01-09T16:45:08.534+0000] {dag.py:3823} INFO - Setting next_dagrun for daily_sales_etl_pipeline to 2026-01-08 06:00:00+00:00, run_after=2026-01-09 06:00:00+00:00
[2026-01-09T16:45:08.541+0000] {processor.py:183} INFO - Processing /opt/airflow/dags/example_etl_pipeline.py took 0.370 seconds
